"id","firstName","lastName","adp","projectedPoints","slotName","teamName","lineupStatus","byeWeek"
"78a5634d-93aa-4cd9-b1af-dfb829df452c","Christian","McCaffrey","1.1","308.3","RB","Carolina Panthers",,
"a971451b-f89e-498f-a6b4-060854880ed6","Dalvin","Cook","2.2","282.5","RB","Minnesota Vikings",,
"53565b50-b52d-4c4f-bcf7-ee96476f4bbc","Derrick","Henry","3.4","248.8","RB","Tennessee Titans",,
"fbaa93f9-6961-407f-9042-5d033198e870","Saquon","Barkley","4.2","251.1","RB","NY Giants",,
"30149020-3a70-47ce-a8e2-b52f0a5770fa","Alvin","Kamara","5.1","261.2","RB","New Orleans Saints",,
"c806c4a0-893a-4797-8e71-78ee908bf72d","Jonathan","Taylor","7.1","245.2","RB","Indianapolis Colts",,
"c5897583-8409-4f22-a2af-e0eb91deaadd","Ezekiel","Elliott","7.5","252.4","RB","Dallas Cowboys",,
"e4241c8c-f93e-4cc0-9512-0ed95e81f98d","Travis","Kelce","7.6","218.2","TE","Kansas City Chiefs",,
"1c94a675-56a9-457d-8c67-2d5d603ccc1a","Tyreek","Hill","9.3","248.4","WR","Kansas City Chiefs",,
"b6b12a45-ce72-4377-92be-c3aabdcc1184","Cam","Akers","10.0","240.0","RB","Los Angeles Rams",,
"89934e03-aeea-48ce-aedf-1921375c3309","Nick","Chubb","11.4","246.4","RB","Cleveland Browns",,
"bae7ce70-f464-4e36-a82b-9cd1ee544f03","Austin","Ekeler","13.4","248.7","RB","Los Angeles Chargers",,
"0c34def2-b7a8-4bd5-91d7-92fb7620707b","Stefon","Diggs","13.6","257.5","WR","Buffalo Bills",,
"6f5ca433-e04e-47e9-aea3-f49aff710a42","Aaron","Jones","13.8","241.2","RB","Green Bay Packers",,
"f74e006b-22ee-4c75-b49b-7d852608e0e4","Joe","Mixon","14.8","250.8","RB","Cincinnati Bengals",,
"60fa6a9f-f875-4f7f-9bdc-8528b10fa2ec","Davante","Adams","17.2","247.9","WR","Green Bay Packers",,
"905c0101-703f-4135-8766-887191888ef6","Najee","Harris","17.7","225.6","RB","Pittsburgh Steelers",,
"bbdce1e0-d8ff-4fae-84e2-f5502af4ec88","A.J.","Brown","19.1","243.5","WR","Tennessee Titans",,
"6ab5e718-0bf1-452c-9751-7da35db5040d","DeAndre","Hopkins","19.5","244.0","WR","Arizona Cardinals",,
"85042f1d-6412-437d-a084-d8a81fcc2998","Antonio","Gibson","19.5","247.6","RB","Washington Football Team",,
"14752cac-ba74-489e-b329-d8c947d20bf0","Calvin","Ridley","20.2","231.3","WR","Atlanta Falcons",,
"368809c5-5593-4e6f-b5f2-005d746110ed","Clyde","Edwards-Helaire","21.5","226.8","RB","Kansas City Chiefs",,
"0411beb7-13f8-4eef-8efb-b642b32bd87e","Darren","Waller","23.5","188.3","TE","Las Vegas Raiders",,
"77e50362-0993-45c3-b62b-535603702815","DK","Metcalf","24.4","225.5","WR","Seattle Seahawks",,
"5bcf9b6e-f5e1-4e64-9601-960d07339eed","George","Kittle","25.1","182.3","TE","San Francisco 49ers",,
"504b7e2e-b51f-4caa-b3fe-7036002edb61","Justin","Jefferson","25.3","227.9","WR","Minnesota Vikings",,
"6b9c18b8-9ec6-44c4-9279-2b0330d834c6","D'Andre","Swift","27.1","216.6","RB","Detroit Lions",,
"df4e11c4-0680-4abe-8ebd-670e4e6b4dc8","Michael","Thomas","28.4","224.9","WR","New Orleans Saints",,
"63496c12-3ffd-47da-9171-91fa2f05f4b0","Keenan","Allen","29.1","233.6","WR","Los Angeles Chargers",,
"fa47f7f2-e829-4bdd-83f4-eae893b3b666","J.K.","Dobbins","29.3","205.0","RB","Baltimore Ravens",,
"2c4aba71-f79b-4bc5-a0b5-7bb011e82f4c","Miles","Sanders","33.0","213.2","RB","Philadelphia Eagles",,
"360668e9-73ae-42cb-b1e2-431a081127f9","Amari","Cooper","33.4","213.6","WR","Dallas Cowboys",,
"2d4a5363-902f-42a2-a736-15dfafff5174","Chris","Carson","33.5","212.5","RB","Seattle Seahawks",,
"dde1f148-591b-402f-86b0-58f0081fc481","Allen","Robinson","34.2","224.2","WR","Chicago Bears",,
"3c471463-ef3b-494c-8419-b7e7c543d78d","Terry","McLaurin","34.6","201.6","WR","Washington Football Team",,
"4c50397f-58e1-4192-a615-ca90203b75b3","Patrick","Mahomes","35.5","365.8","QB","Kansas City Chiefs",,
"52a430d1-8de7-4205-91a0-754467638584","CeeDee","Lamb","35.7","208.2","WR","Dallas Cowboys",,
"3de753aa-b839-4e14-811c-6133a17e0275","David","Montgomery","39.3","225.1","RB","Chicago Bears",,
"db872aff-d130-4e00-b36d-5872fa082678","Mike","Evans","39.3","214.7","WR","Tampa Bay Buccaneers",,
"7593a29a-509b-48ca-83a2-94978d009776","Julio","Jones","40.6","221.1","WR","Atlanta Falcons",,
"6efc7dfd-62b8-4b13-8270-da0b244cd65c","D.J.","Moore","42.5","211.5","WR","Carolina Panthers",,
"31dd5346-10db-404e-ad43-2046d17e4a1f","Josh","Jacobs","43.4","185.5","RB","Las Vegas Raiders",,
"5838d251-c804-45ba-81a6-1fa393e87fb8","Robert","Woods","43.5","211.2","WR","Los Angeles Rams",,
"9037daa2-4919-42ef-878d-93107850b132","Chris","Godwin","44.0","192.4","WR","Tampa Bay Buccaneers",,
"9f02af32-ee27-44e1-965f-fd987306e112","Josh","Allen","47.6","359.1","QB","Buffalo Bills",,
"c27cc3b7-fecf-4fdc-8c93-6a841c99ba9d","Ja'Marr","Chase","47.7","180.7","WR","Cincinnati Bengals",,
"c1555be9-c783-4956-9878-110a7311e755","Mike","Davis","48.4","201.5","RB","Atlanta Falcons",,
"f13c9f2f-80e2-4e0e-96a1-5fababdf8210","Travis","Etienne","49.1","181.8","RB","Jacksonville Jaguars",,
"7ced4027-8866-4c00-8b48-d4dd3f87b3f6","Tyler","Lockett","49.4","181.9","WR","Seattle Seahawks",,
"40646904-2ee6-4f26-bcc2-b589c210af73","Cooper","Kupp","50.1","204.7","WR","Los Angeles Rams",,
"db32bb24-2e66-41c0-9e11-6f755d462650","Kyle","Pitts","50.4","127.9","TE","Atlanta Falcons",,
"0adac6f8-a42a-4513-ac93-6dd8c5d9d4a2","Adam","Thielen","51.1","174.8","WR","Minnesota Vikings",,
"5ecb7ab8-6764-42b7-ac6d-a6255d89f38a","Kyler","Murray","53.2","345.1","QB","Arizona Cardinals",,
"0cf6bc46-b571-4372-aa57-32af7d67190f","Myles","Gaskin","53.6","184.5","RB","Miami Dolphins",,
"fd72ef9d-36c4-4fbf-b325-65ff41fa110d","Lamar","Jackson","54.6","347.9","QB","Baltimore Ravens",,
"c3497052-67d1-481c-a91b-cdd4cd96183f","Diontae","Johnson","56.3","171.4","WR","Pittsburgh Steelers",,
"d73f17fd-4957-41c3-bea1-93302a4fc132","Kareem","Hunt","56.5","177.2","RB","Cleveland Browns",,
"8c1afe5c-73e5-4208-bee8-73ed04ecfd53","Dak","Prescott","58.3","341.3","QB","Dallas Cowboys",,
"36110b72-0437-42d9-9120-02b959778259","Kenny","Golladay","58.6","176.4","WR","NY Giants",,
"7f0c4a8a-67e0-4824-a327-69ec705c4986","Tee","Higgins","59.1","180.0","WR","Cincinnati Bengals",,
"92d5e34f-80bc-44ca-8d36-c37b3c3f67ab","Mark","Andrews","60.4","145.7","TE","Baltimore Ravens",,
"3780664d-6a09-4e77-b692-a1451487d77d","T.J.","Hockenson","61.2","129.1","TE","Detroit Lions",,
"aeb3fea8-d146-450f-a64d-01b287464b0e","Brandon","Aiyuk","62.7","160.2","WR","San Francisco 49ers",,
"ebe7d851-268f-4b75-969b-6c6f42a25b78","Odell","Beckham","64.6","174.7","WR","Cleveland Browns",,
"6fb6df57-9d4b-47ce-a4a4-13a06288a473","Javonte","Williams","65.9","173.4","RB","Denver Broncos",,
"637545ae-612a-45ae-9707-54f0380d580a","Chase","Edmonds","66.1","177.6","RB","Arizona Cardinals",,
"d0de1cfd-03f1-4c86-838c-d4d9676a21b5","Courtland","Sutton","67.4","185.9","WR","Denver Broncos",,
"6e5a0d73-9772-4a93-8a8f-7cb2db52b7d4","Chase","Claypool","68.1","170.4","WR","Pittsburgh Steelers",,
"5f96b621-5e34-4288-a8e1-4817ded3d144","D.J.","Chark","68.9","165.6","WR","Jacksonville Jaguars",,
"933b67a2-84df-4059-bb30-4a46c794225c","Justin","Herbert","70.2","333.0","QB","Los Angeles Chargers",,
"9cebd7f1-722b-492c-9913-b6ea58c692de","Russell","Wilson","72.2","321.4","QB","Seattle Seahawks",,
"baa5b181-f71c-4cb3-906e-2528cca6cfec","Robby","Anderson","72.3","183.5","WR","Carolina Panthers",,
"ac230634-ea40-4400-9f1a-12f53c53965b","Trey","Sermon","73.6","170.7","RB","San Francisco 49ers",,
"7cc9efad-a461-4573-89fc-a7626807c17c","Tyler","Boyd","76.6","168.4","WR","Cincinnati Bengals",,
"09c9a0d8-65f7-4134-93da-ea7dcc245e25","Deebo","Samuel","77.5","155.2","WR","San Francisco 49ers",,
"a5da55f2-db18-4855-ae9b-83e3e126ca03","Jalen","Hurts","77.7","320.3","QB","Philadelphia Eagles",,
"2e3dd7dc-d67e-4e3c-822e-c6d3fdf4a4f8","DeVonta","Smith","78.6","154.7","WR","Philadelphia Eagles",,
"bc123200-520b-441d-bea2-9c73b95dd4f0","Raheem","Mostert","78.7","155.7","RB","San Francisco 49ers",,
"0e9d70d6-2594-4274-be26-b2a61d9c993b","Will","Fuller","78.7","156.6","WR","Miami Dolphins",,
"3af45b40-7114-4add-b09d-039d7151366f","Jerry","Jeudy","79.1","146.6","WR","Denver Broncos",,
"0274af0f-be94-4e8e-a3b5-288a4cb3d2ab","JuJu","Smith-Schuster","80.4","139.4","WR","Pittsburgh Steelers",,
"18333356-4269-4ead-8276-c0d6c22f486b","James","Robinson","81.2","123.6","RB","Jacksonville Jaguars",,
"7a2d60e5-2357-407d-9f40-32a78c1e0c99","Dallas","Goedert","83.1","127.9","TE","Philadelphia Eagles",,
"39437c6a-f973-47f9-b62a-00a07aeb926d","Damien","Harris","84.5","162.2","RB","New England Patriots",,
"a689e9ea-4080-46a0-a5a1-36cbb54df10f","Curtis","Samuel","85.6","175.2","WR","Washington Football Team",,
"5047e897-fbda-4621-b190-d560ee677114","Michael","Gallup","87.4","166.5","WR","Dallas Cowboys",,
"6e2ad5f8-4a54-419f-a54c-408663bb2ded","Michael","Carter","90.0","146.9","RB","NY Jets",,
"6a188950-2656-4aa6-95fe-1a725ecfaccb","Brandin","Cooks","90.5","169.0","WR","Houston Texans",,
"e849512a-30ae-4de1-b705-177056ca3f9d","Tyler","Higbee","90.5","122.0","TE","Los Angeles Rams",,
"5cde7aea-f9ae-407b-b90c-685ec16f5c3e","Jarvis","Landry","91.9","160.9","WR","Cleveland Browns",,
"52b3e3f7-5732-4e22-9e6f-5ba8e8ecfadf","Leonard","Fournette","92.8","120.0","RB","Tampa Bay Buccaneers",,
"0c453993-12a1-4019-ac33-b56206e18271","Joe","Burrow","94.3","295.7","QB","Cincinnati Bengals",,
"dafcd557-143c-4644-ab5e-ea2eef35611d","Noah","Fant","94.5","117.5","TE","Denver Broncos",,
"fc279b8e-cc78-4d47-8dc9-8ea9257e66db","Marquise","Brown","94.5","124.6","WR","Baltimore Ravens",,
"88befd90-e162-4570-a083-16c4908743a6","Melvin","Gordon","95.8","145.8","RB","Denver Broncos",,
"29698c73-8f0f-4b5e-93bf-93aff9671dff","Laviska","Shenault","97.6","136.1","WR","Jacksonville Jaguars",,
"fcf76717-bde4-46bd-8371-870bdddf5b7d","Jaylen","Waddle","97.6","118.1","WR","Miami Dolphins",,
"d7c779ea-3dfb-42fa-add0-3fbf8a7d53af","Zack","Moss","98.9","158.2","RB","Buffalo Bills",,
"d18266d5-a877-413b-87ff-32fcb3ecd124","Antonio","Brown","100.7","97.3","WR","Tampa Bay Buccaneers",,
"084e69f7-0dab-4815-b7bb-96fcf72b5bea","Tom","Brady","100.9","305.7","QB","Tampa Bay Buccaneers",,
"3c7c3ad9-3224-42f6-8dc1-e8b348452438","Aaron","Rodgers","101.2","272.8","QB","Green Bay Packers",,
"2270fcf3-9974-4e73-8834-56d8b117e171","Ronald","Jones","101.3","151.4","RB","Tampa Bay Buccaneers",,
"3e20d7a1-ae60-4dc3-a02a-9dfed27a788b","Tony","Pollard","101.7","113.8","RB","Dallas Cowboys",,
"7429c757-08bf-4277-a9e3-a2ca092235c1","Mike","Williams","102.4","173.7","WR","Los Angeles Chargers",,
"311dcd8d-7daa-4440-b53a-64a1b5762fc4","Logan","Thomas","103.3","104.4","TE","Washington Football Team",,
"05833ac2-6a8b-4b02-8467-1c2faaa4c251","Matthew","Stafford","104.1","301.4","QB","Los Angeles Rams",,
"407494db-d38d-4941-beef-18873c363973","James","Conner","105.6","145.6","RB","Arizona Cardinals",,
"6bc6c20f-a7bd-4378-89a9-1d463ec584ad","Michael","Pittman","106.2","148.7","WR","Indianapolis Colts",,
"e75b647c-f420-49c3-b8e6-4bb62f375559","Gus","Edwards","108.8","126.5","RB","Baltimore Ravens",,
"dffa57e5-0ff4-46ef-8ea9-fc9079cd844a","Mecole","Hardman","111.2","128.9","WR","Kansas City Chiefs",,
"f96dd68b-ad82-457d-9435-ca7943a1e292","A.J.","Dillon","112.7","134.0","RB","Green Bay Packers",,
"ef041929-c098-4f3f-b39a-ecdb2021d215","Ryan","Tannehill","113.0","274.4","QB","Tennessee Titans",,
"8f8ec083-68c9-4814-bcf7-9e3864384157","DeVante","Parker","115.0","145.1","WR","Miami Dolphins",,
"f11408d9-973c-450b-8a13-2657443ae5ee","Corey","Davis","115.5","173.4","WR","NY Jets",,
"68cec3ff-68dd-41ac-b91a-a40a850340a9","Irv","Smith","116.2","115.1","TE","Minnesota Vikings",,
"59f5aacb-f39e-4e21-a8c6-6a61ca66d54d","Trevor","Lawrence","117.3","287.2","QB","Jacksonville Jaguars",,
"16aaff8f-88c8-4043-867d-fc80eaad3aca","Darnell","Mooney","119.2","135.3","WR","Chicago Bears",,
"19efa358-2457-45d5-b8fa-fee14fd47077","Kenyan","Drake","119.5","129.0","RB","Las Vegas Raiders",,
"5efb72e7-06f8-4d00-a7dd-885cf0d982fc","Mike","Gesicki","120.4","104.2","TE","Miami Dolphins",,
"5d07a264-2036-4cde-b20b-01540ddaef7e","Trey","Lance","122.8","260.3","QB","San Francisco 49ers",,
"2a6c1072-0362-4843-8207-a476abf1a745","Cole","Beasley","123.2","154.1","WR","Buffalo Bills",,
"fc037120-1ec1-49c7-95cb-2e04f08bdf00","Matt","Ryan","123.2","319.7","QB","Atlanta Falcons",,
"d05fc267-28aa-4ad7-9620-fdd106498153","Darrell","Henderson","124.0","129.8","RB","Los Angeles Rams",,
"12b00629-de37-472b-84a7-3faef5812d0b","Marvin","Jones","124.2","144.6","WR","Jacksonville Jaguars",,
"920b154e-e539-427b-876e-4b0ae9251312","David","Johnson","126.2","139.1","RB","Houston Texans",,
"c5579767-45b7-428a-bbe8-c7e38a075ed9","Russell","Gage","126.9","101.1","WR","Atlanta Falcons",,
"408a5c7a-0a4c-411f-8c21-f5892b4eaa61","Rashod","Bateman","127.4","141.1","WR","Baltimore Ravens",,
"e943bb1c-241b-4205-ad53-531ee244db9c","Robert","Tonyan","128.3","105.2","TE","Green Bay Packers",,
"e393bb26-adf6-472d-bdab-3ca511985052","Latavius","Murray","129.3","133.8","RB","New Orleans Saints",,
"90d47fb6-e92d-4d43-9622-031a4ae937d0","Jalen","Reagor","129.4","109.5","WR","Philadelphia Eagles",,
"b584610d-9490-40c1-95e1-2294474a440a","Henry","Ruggs","131.0","143.1","WR","Las Vegas Raiders",,
"8843ab77-af01-4599-8495-ddbf678ecb3e","Jamaal","Williams","131.6","108.7","RB","Detroit Lions",,
"94050cec-d584-442d-afab-cb4be81de8d7","Justin","Fields","132.0","230.6","QB","Chicago Bears",,
"96801a88-90cb-4566-97d6-3a727ebfab27","Nyheim","Hines","133.6","130.1","RB","Indianapolis Colts",,
"faa5ea47-862d-4209-83f4-067684f3f9ba","Gabriel","Davis","133.6","127.5","WR","Buffalo Bills",,
"dfdeb0bf-da83-41e7-9ef4-873e97e9e8e7","Evan","Engram","135.8","60.9","TE","NY Giants",,
"4ac48c79-fa45-4ad5-bd56-5632d3d26833","Nelson","Agholor","136.7","141.4","WR","New England Patriots",,
"e43488be-08de-47fc-8174-430a04392668","T.Y.","Hilton","139.1","129.9","WR","Indianapolis Colts",,
"ad0cba30-b012-4a44-b680-c965acc342d6","Tua","Tagovailoa","139.6","269.7","QB","Miami Dolphins",,
"33fed901-e5f8-4030-b5b9-a12f61618827","Adam","Trautman","139.9","107.8","TE","New Orleans Saints",,
"540cd12b-2270-4051-bba2-50d5a14ba02e","Anthony","Firkser","141.2","114.6","TE","Tennessee Titans",,
"76f771da-7602-41d1-8838-3f36399c1c39","Devin","Singletary","141.5","145.9","RB","Buffalo Bills",,
"92f83b60-b243-427b-90a5-8ad667f5069e","Rondale","Moore","143.4","122.1","WR","Arizona Cardinals",,
"39447614-c541-4486-830a-34597a01b565","Elijah","Moore","143.7","113.9","WR","NY Jets",,
"631468e7-df01-4856-86b2-143736e9e9d6","Kirk","Cousins","144.2","274.9","QB","Minnesota Vikings",,
"8650d1e8-9783-43da-a02e-bffbbbef1d8d","Alexander","Mattison","146.6","95.4","RB","Minnesota Vikings",,
"c311e03c-5219-4da0-a30b-f3baef6100c5","Jonnu","Smith","147.9","108.2","TE","New England Patriots",,
"dbe91621-495b-4f2a-8ccd-2c173402c7f6","Denzel","Mims","148.7","107.7","WR","NY Jets",,
"64591ad5-366a-447a-8134-2e1d2865da19","Baker","Mayfield","148.8","275.1","QB","Cleveland Browns",,
"838c967c-5998-4de3-822a-7d8662daadc4","Ryan","Fitzpatrick","149.4","259.9","QB","Washington Football Team",,
"07455eef-4ece-4b18-a510-9af92edc72eb","Parris","Campbell","150.7","94.7","WR","Indianapolis Colts",,
"7206a804-07fe-4d03-8908-9e6ac0e9fddd","J.D.","McKissic","154.3","92.1","RB","Washington Football Team",,
"3fc1a6a5-4d56-4207-8c69-98df195d1a05","Breshad","Perriman","154.3","120.7","WR","Detroit Lions",,
"9d562735-a712-4b86-9158-a2d51fed4cb5","Rob","Gronkowski","154.7","74.1","TE","Tampa Bay Buccaneers",,
"e3ccb789-e3bb-450c-963c-755622d0c1b1","Carson","Wentz","155.3","262.7","QB","Indianapolis Colts",,
"848ad67a-81d8-4247-bc75-cee25d43a597","Terrace","Marshall Jr","156.5","112.6","WR","Carolina Panthers",,
"52aa5c4a-01c8-4f9f-8d21-cbd3ace4164b","Blake","Jarwin","158.6","47.9","TE","Dallas Cowboys",,
"f864ceec-5828-4598-9544-d61e456c6ccd","Tre'Quan","Smith","159.0","105.6","WR","New Orleans Saints",,
"ddf56e3b-c252-44ab-a6b8-79bd7ce5c6c0","Hunter","Henry","160.4","115.8","TE","New England Patriots",,
"b206653c-98fa-46a6-8856-64c16f98c68c","Jared","Cook","161.5","73.6","TE","Los Angeles Chargers",,
"f9a7c542-d1e6-4b81-8599-a5805434a650","John","Brown","161.6","99.7","WR","Las Vegas Raiders",,
"c6c2a61c-9dd8-41af-b666-c53586139679","Rashaad","Penny","162.2","89.0","RB","Seattle Seahawks",,
"84c117bd-6764-488f-a3ae-3cbd99dfb6c2","Daniel","Jones","163.9","265.6","QB","NY Giants",,
"b43f80c5-dfdc-41fe-83e9-5becc84d2d9e","Christian","Kirk","165.7","110.2","WR","Arizona Cardinals",,
"8869695c-451b-40f9-a7dd-65f4a9c4ab92","Emmanuel","Sanders","167.5","89.7","WR","Buffalo Bills",,
"dff016e8-b9bf-4b58-961e-7014311a2156","Gerald","Everett","167.7","80.5","TE","Seattle Seahawks",,
"74eadc79-6acc-482a-a526-73925e815a09","Amon-Ra","St. Brown","168.1","93.1","WR","Detroit Lions",,
"a13497e1-fda9-43d7-849f-66b19e185ffb","Sterling","Shepard","171.9","95.2","WR","NY Giants",,
"909144b6-be76-4009-8463-473d7face9df","Cole","Kmet","172.3","93.4","TE","Chicago Bears",,
"6f16aac2-89f3-4ee1-8bd6-4a6414d01401","Tarik","Cohen","173.4","74.1","RB","Chicago Bears",,
"a673b6f2-1a0c-4f46-9517-ac9623219a00","Sam","Darnold","173.9","256.2","QB","Carolina Panthers",,
"eefdfe59-f856-4de2-9d18-f48a10aa192e","Phillip","Lindsay","174.2","71.7","RB","Houston Texans",,
"d960e3cb-ce05-48f0-8cad-42caa98a7d2d","Jamison","Crowder","174.3","126.1","WR","NY Jets",,
"72882b88-c301-49cd-8728-dd61e2164698","Bryan","Edwards","176.1","75.9","WR","Las Vegas Raiders",,
"1015230f-f03b-4746-b566-4bfab2b750ea","Zach","Wilson","176.2","242.9","QB","NY Jets",,
"ccf69edc-5075-4066-ba59-796688727723","Austin","Hooper","179.3","95.0","TE","Cleveland Browns",,
"c7d35178-c85a-4d99-bd5a-04c5719f9cf1","Chuba","Hubbard","179.7","56.0","RB","Carolina Panthers",,
"647892a3-8245-48e8-8c23-57b2a4ab1278","Kadarius","Toney","181.0","94.8","WR","NY Giants",,
"6c19b0f4-dbe5-46a4-8bb9-8f4522e2f6af","Jameis","Winston","183.1","208.9","QB","New Orleans Saints",,
"f7606eb2-202f-478e-a88f-0a4e84f2086b","Josh","Reynolds","183.2","113.9","WR","Tennessee Titans",,
"bb807ae2-6c26-4f2f-9b1a-d715f3108acd","James","White","183.5","82.2","RB","New England Patriots",,
"6442c478-0b39-4b19-866c-2981aad2b343","Dyami","Brown","183.9","85.1","WR","Washington Football Team",,
"f6ca360d-5dd2-40b3-bc90-924afebb3264","Tyrell","Williams","185.5","117.8","WR","Detroit Lions",,
"f0e57430-9995-4885-864e-978b28aa547e","Tevin","Coleman","185.5","43.6","RB","NY Jets",,
"41bc59d5-654b-4af8-ab9e-7864a02fb2a0","Ben","Roethlisberger","186.6","215.6","QB","Pittsburgh Steelers",,
"d501bdab-4a71-40e9-b748-889725b5bf0d","Zach","Ertz","187.4","57.8","TE","Philadelphia Eagles",,
"a33f7e32-b5dd-4e9f-91a3-d860c2c38c93","Giovani","Bernard","189.1","58.8","RB","Tampa Bay Buccaneers",,
"72f79076-e3f9-4f67-9960-c250cf87b151","Amari","Rodgers","190.4","97.0","WR","Green Bay Packers",,
"da7e367e-65a7-43fb-9f76-f250f4d3dccf","Derek","Carr","190.8","240.0","QB","Las Vegas Raiders",,
"2b31ef68-d7c0-44f5-b2f8-80d34d4087ae","Kenny","Gainwell","192.3","58.3","RB","Philadelphia Eagles",,
"3c39bb96-bb1b-4b85-8eff-1553a882a897","Eric","Ebron","192.5","72.9","TE","Pittsburgh Steelers",,
"dd06536e-6005-4d09-b616-6fc3a45363ce","A.J.","Green","193.5","61.0","WR","Arizona Cardinals",,
"5949a3d1-56be-4b3e-b75b-827f30450b94","Demarcus","Robinson","194.6","74.8","WR","Kansas City Chiefs",,
"bd9427ac-7804-43a4-8a28-ad3acc62d861","Darius","Slayton","195.7","81.2","WR","NY Giants",,
"76b4bd01-83be-4e42-be96-7300fe68a69c","Marquez","Valdes-Scantling","197.1","80.6","WR","Green Bay Packers",,
"30370125-b0bf-4db2-81da-be8a411441f4","D'Wayne","Eskridge","197.4","67.0","WR","Seattle Seahawks",,
"91823c1e-60a8-4ed5-8d32-6254109d3b00","Deshaun","Watson","197.9","107.5","QB","Houston Texans",,
"a33779e8-01ef-487d-b79b-c30d23fb96d1","Darrynton","Evans","198.8","75.2","RB","Tennessee Titans",,
"04be7997-3aa0-407d-baaf-4dc57339c227","Jakobi","Meyers","199.5","98.2","WR","New England Patriots",,
"906de9b2-847d-4785-98ba-db6508dae97f","Van","Jefferson","200.8","48.8","WR","Los Angeles Rams",,
"e67c62f1-487f-43b4-b3d7-9936dbf31332","K.J.","Hamler","201.7","101.4","WR","Denver Broncos",,
"0044c750-a19c-4a7f-b4b9-6129ef027771","Olamide","Zaccheaus","201.9","16.3","WR","Atlanta Falcons",,
"57100e6b-0a4c-4c51-be0b-f56ba96b2d9c","Rhamondre","Stevenson","202.2","64.3","RB","New England Patriots",,
"296a80dd-e254-42bf-8941-f584184e6437","Christopher","Herndon","202.3",,"TE","NY Jets",,
"ff6be397-b8a4-446c-b78d-ade23715f42b","DeSean","Jackson","203.2","80.4","WR","Los Angeles Rams",,
"138c0f97-4400-4b13-a04a-d5e77b3a4e6e","Jared","Goff","204.2","198.3","QB","Detroit Lions",,
"375cc035-5f3a-4065-ad46-543d8b9a19c4","Jerick","McKinnon","205.1","58.0","RB","Kansas City Chiefs",,
"17536b30-c882-456b-94c9-a5ea90ace8e6","Taysom","Hill","206.1","88.9","QB","New Orleans Saints",,
"b16d6b5e-6fe4-44cc-85b8-4c3cf2bfd38b","Sammy","Watkins","207.0","89.1","WR","Baltimore Ravens",,
"937435d2-8d97-43dc-b893-e61427d971a4","Hayden","Hurst","207.1","59.0","TE","Atlanta Falcons",,
"0c1dbc8b-9c4b-44d4-853e-6f8627a3b659","Josh","Palmer","207.2","75.9","WR","Los Angeles Chargers",,
"9b57c24f-8347-4a38-b7b4-3faeb0e407a0","Nico","Collins","207.5","63.0","WR","Houston Texans",,
"ee0db6e3-7516-4cdf-a310-918649f10c82","Javian","Hawkins","207.6","18.1","RB","Atlanta Falcons",,
"f7abe004-5f03-48e9-aafc-daf907a7efa4","Damien","Williams","209.5","23.9","RB","Chicago Bears",,
"cdc3a609-5a76-4a07-a5fc-dcd8dd094d51","Marlon","Mack","209.5","65.9","RB","Indianapolis Colts",,
"24934c5c-916a-471d-828a-366a0f8a3c32","Ty","Johnson","209.6","36.5","RB","NY Jets",,
"54fe78c0-ea25-423b-8b9d-e75d60ac6f83","Allen","Lazard","209.9","62.8","WR","Green Bay Packers",,
"c7b76231-b0f7-4156-ab5b-b6f3f9511760","Mo","Alie-Cox","210.6","44.3","TE","Indianapolis Colts",,
"ca04265c-c408-4d13-869d-101f4931214a","Cam","Newton","210.7","144.8","QB","New England Patriots",,
"664389a6-4faf-4d3d-949b-d2c74a8d223b","Elijah","Mitchell","211.5","13.0","RB","San Francisco 49ers",,
"6f4a14e9-245b-4ee7-a51f-83fc39dedb27","O.J.","Howard","211.6","53.1","TE","Tampa Bay Buccaneers",,
"d7ca4d1d-283d-44eb-b1c7-0103a6758d22","Malcolm","Brown","211.8","74.7","RB","Miami Dolphins",,
"93be3bde-a628-4007-b8ce-1cfeaeb2fcf6","Salvon","Ahmed","212.0","52.8","RB","Miami Dolphins",,
"f9bfb56d-bb33-4c6a-925f-87b504efc696","Dawson","Knox","212.0","64.6","TE","Buffalo Bills",,
"4af7b449-4899-406c-bbb1-308fb4e716d8","Anthony","Miller","212.8","72.1","WR","Chicago Bears",,
"137a7e3d-86ed-40dc-b4f8-ddf0c4476253","Wayne","Gallman","213.0",,"RB","San Francisco 49ers",,
"034d5dbb-9cb2-4724-ab78-fbd05b52585c","Kendrick","Bourne","213.5","105.6","WR","New England Patriots",,
"48dbad2b-5407-420f-af8b-b594186b09b3","Mac","Jones","213.6","135.4","QB","New England Patriots",,
"c7f9dc86-807d-4c6a-8ec2-2b6db622cc3a","Jeffery","Wilson","213.8","40.4","RB","San Francisco 49ers",,
"cb31cd85-aed2-4b54-bdaf-d6b24061f77e","Hunter","Renfrow","213.8","117.7","WR","Las Vegas Raiders",,
"48bf637e-d293-4eed-9f52-563c7ec22f8d","Cornell","Powell","213.9","63.2","WR","Kansas City Chiefs",,
"06d3e22d-8e89-4e41-a10f-52b649e07f75","Devontae","Booker","213.9","79.5","RB","NY Giants",,
"dea6b03e-e85b-4109-b305-90af3f7bac53","Marquez","Callaway","213.9","73.9","WR","New Orleans Saints",,
"65bab560-b39d-4720-a364-0e7c505dfa29","Tim","Tebow","214.0",,"TE",,,
"19bc20bf-81ad-45fb-8ee7-7a428db7b187","Dan","Arnold","214.0","31.3","TE","Carolina Panthers",,
"3ab34813-c0d6-4e7e-888a-1397617c4912","Todd","Gurley","214.1","0.0","RB","Atlanta Falcons",,
"c66e56fb-d6ca-46d8-9c3f-f43e9830ab76","Byron","Pringle","214.2","29.4","WR","Kansas City Chiefs",,
"9184e477-2de1-4382-9a93-90123eb11380","Tim","Patrick","214.2","34.1","WR","Denver Broncos",,
"45e7719c-c1e1-455c-94df-9da5552be30f","Quintez","Cephus","214.2","32.6","WR","Detroit Lions",,
"7276b91f-8dea-465b-b223-e3edee3cba36","Dalton","Schultz","214.3","64.1","TE","Dallas Cowboys",,
"e1b24434-640f-41a9-9e8e-22f77621e4bb","Darrel","Williams","214.3","31.0","RB","Kansas City Chiefs",,
"d45f47a7-e79e-4802-b448-02eda51c4504","James","Washington","214.4","42.3","WR","Pittsburgh Steelers",,
"e5fc0340-abe9-4be1-95e1-3fa2f1a66da2","Rashard","Higgins","214.5","125.5","WR","Cleveland Browns",,
"3e0b17fb-8f35-4902-a9ec-b65172fde00a","Samaje","Perine","214.6","22.8","RB","Cincinnati Bengals",,
"b8d90525-4986-42ba-959c-cc63694a64c7","Pat","Freiermuth","214.8","48.5","TE","Pittsburgh Steelers",,
"b62e2c59-7550-4d48-9454-b6eaccf18f44","Scott","Miller","214.8","67.1","WR","Tampa Bay Buccaneers",,
"9a8e9057-e633-493b-a73c-a58bc853d946","Tutu","Atwell","214.8","55.9","WR","Los Angeles Rams",,
"bb2f741b-67a0-4b42-875c-74d95ae8f0d8","Travis","Fulgham","214.9","47.2","WR","Philadelphia Eagles",,
"341dd606-d302-4998-8f0c-ec8da2578998","Teddy","Bridgewater","214.9","157.6","QB","Denver Broncos",,
"ebcc0487-4fce-4141-b69e-cf8b7ea942c7","Lynn","Bowden","215.0","29.4","RB","Miami Dolphins",,
"77969a65-3022-4d52-93b6-d2b34ea3c8f6","Jalen","Guyton","215.0","52.6","WR","Los Angeles Chargers",,
"04c2313c-7997-4cda-9089-b8f11108f2da","Tyrod","Taylor","215.0","175.0","QB","Houston Texans",,
"3288f509-b2eb-4c99-a0f7-c634153f04e1","Donald","Parham","215.0","66.6","TE","Los Angeles Chargers",,
"33875682-b709-4739-8c5b-707284b2c18d","Dez","Fitzpatrick","215.2","57.9","WR","Tennessee Titans",,
"1c7714d1-183b-4738-bd43-17abf014660e","Joshua","Kelley","215.2","105.9","RB","Los Angeles Chargers",,
"ca3f742c-f0f3-4f12-b765-7fa28bf162e2","Adam","Humphries","215.2","36.6","WR","Washington Football Team",,
"b749e56a-02b1-4657-bff1-e7079ca8e806","Zach","Pascal","215.2","37.4","WR","Indianapolis Colts",,
"a68e8181-2475-4290-9ea7-9a1a273bd69d","Jalen","Hurd","215.2","18.3","WR","San Francisco 49ers",,
"95e7fe68-0c37-4fbf-a706-73e5a081ae3f","Sony","Michel","215.3","29.3","RB","New England Patriots",,
"068f7f1d-9bd9-4eeb-afe3-b028d3cdf513","Le'Veon","Bell","215.3",,"RB","Kansas City Chiefs",,
"ae0aef18-abeb-48a4-ba2f-218499fae2f8","Justin","Jackson","215.4","63.6","RB","Los Angeles Chargers",,
"73c7d11d-d613-4c55-8819-2199f1ac5f91","Jordan","Love","215.4","39.5","QB","Green Bay Packers",,
"a3beea4d-8029-4edf-bf96-0bc44a74fa0a","Jimmy","Garoppolo","215.5","49.1","QB","San Francisco 49ers",,
"4d8aeab4-a131-40a5-8b2b-73a439ad7ed3","Keelan","Cole","215.5","21.1","WR","NY Jets",,
"5faed386-dcbf-4f08-9a37-a7018d35669b","Mike","Boone","215.5","13.7","RB","Denver Broncos",,
"6c9c9cc3-15f2-43a2-be9f-03212a852127","Donovan","Peoples-Jones","215.5","17.3","WR","Cleveland Browns",,
"8ab920f9-7c74-4b8c-bd77-a403955fdbf0","Randall","Cobb","215.5","77.9","WR","Houston Texans",,
"fd85adb4-3fec-43d5-8b55-479d276bb7fe","Kyle","Rudolph","215.5","44.8","TE","NY Giants",,
"ea088ab0-23e8-43d8-9359-afa6a986680a","Devin","Duvernay","215.5","27.3","WR","Baltimore Ravens",,
"e912861e-c0ff-47e1-b8d5-61d8166f22f2","Ihmir","Smith-Marsette","215.6","44.9","WR","Minnesota Vikings",,
"4cd0157f-ae64-4de3-97ee-1a75fe570ef9","Gerrid","Doaks","215.6","2.7","RB","Miami Dolphins",,
"3fa967f6-6e57-49a7-b75e-ee4dff0e495d","Cordarrelle","Patterson","215.6","40.7","WR","Atlanta Falcons",,
"a7f708a6-f29e-4167-98ff-205c215be36f","C.J.","Uzomah","215.6","54.8","TE","Cincinnati Bengals",,
"65f840ef-261b-427b-9ff0-b0a36e2d75e9","Collin","Johnson","215.6","60.3","WR","Jacksonville Jaguars",,
"ae97c3db-a54d-4ed2-89ac-60ceec0209d3","Drew","Lock","215.7","92.5","QB","Denver Broncos",,
"44f1ee5d-c653-423a-b5a0-9268e541a6a0","Anthony","Schwartz","215.7","7.0","WR","Cleveland Browns",,
"b27967fa-8e4c-4249-afa6-bd4b1568202d","Benny","Snell","215.8","64.3","RB","Pittsburgh Steelers",,
"acc46b1b-47fa-449c-b265-eed6efc1318d","Boston","Scott","215.8","45.5","RB","Philadelphia Eagles",,
"4f334953-6989-4ed2-96c2-ae0bb4bfe0fa","Preston","Williams","215.8","45.6","WR","Miami Dolphins",,
"fcf45081-3540-4288-a916-79c2fdd2c635","Tylan","Wallace","215.8","4.6","WR","Baltimore Ravens",,
"a522e665-b96d-463d-a6ca-79e8eec113d3","Khalil","Herbert","215.8","1.6","RB","Chicago Bears",,
"2d0f0d9a-83eb-4733-909d-99b3bc707d81","Jimmy","Graham","215.8","65.2","TE","Chicago Bears",,
"45f92e7f-cdaf-414b-b418-04d2da74feb8","Isaiah","McKenzie","215.8","26.6","WR","Buffalo Bills",,
"271bc22b-5b49-4e1d-a9c5-76fae35856a8","Jack","Doyle","215.8","26.1","TE","Indianapolis Colts",,
"6a3b017b-daaa-4e61-925f-52398876b6da","Tyler","Johnson","215.8","31.3","WR","Tampa Bay Buccaneers",,
"43815cfe-ccfb-48bb-8e44-662f02489883","Carlos","Hyde","215.8","30.1","RB","Jacksonville Jaguars",,
"abeeb41c-b4aa-4128-ba06-df363b088ab4","Harrison","Bryant","215.8","25.2","TE","Cleveland Browns",,
"f5f9351b-e467-41fe-a033-3dd4b8e1c9bd","Frank","Darby","215.8",,"WR","Atlanta Falcons",,
"3bd37d45-e9c3-4b7a-9758-b72e4bba2976","Larry","Roundtree III","215.8",,"RB","Los Angeles Chargers",,
"47a8ac8d-679c-4da9-8771-b6256d514191","Jaret","Patterson","215.8",,"RB","Washington Football Team",,
"710fb70b-da3e-4c5c-84bb-91ec151a0f84","Chris","Evans","215.9","22.8","RB","Cincinnati Bengals",,
"1b944079-3606-4a25-92ec-06296a805e2f","Eno","Benjamin","215.9","8.0","RB","Arizona Cardinals",,
"c7466a2e-5d75-40f5-97bf-f0a98d8a8e92","Rex","Burkhead","215.9",,"RB",,,
"1d4980d6-9c96-44f8-97f3-fd6ad12176d7","Keke","Coutee","215.9","88.0","WR","Houston Texans",,
"538cc09b-764e-48c1-b458-51fedfeeaadf","Tyler","Conklin","215.9","57.9","TE","Minnesota Vikings",,
"f5154720-5d7c-4239-86de-122a668e072b","N'Keal","Harry","215.9","41.1","WR","New England Patriots",,
"4e11e519-3c56-4be5-a4ab-8f2272725423","Auden","Tate","215.9","48.4","WR","Cincinnati Bengals",,
"f4df71df-399d-40f8-ba72-044f95de91e2","Mark","Ingram","215.9","44.4","RB","Houston Texans",,
"c77aa817-6c25-45f6-be87-03caf28936e4","La'Mical","Perine","215.9","49.1","RB","NY Jets",,
"99229be3-fe8f-4698-8ca8-25b68a8034ad","Deonte","Harris","215.9","42.9","WR","New Orleans Saints",,
"318f074c-6ae8-445a-bed2-b06f6bd162f3","Matt","Breida","215.9","13.2","RB","Buffalo Bills",,
"57aef878-7932-4819-9e04-5c869fc324f0","Richie","James","215.9","58.1","WR","San Francisco 49ers",,
"b8cb1ec3-8624-47a5-b07b-e8f1bd03c9ea","Drew","Sample","215.9","46.7","TE","Cincinnati Bengals",,
"a002a7d7-f0b7-4b6e-aa02-de92d3a312ad","Will","Dissly","215.9","41.2","TE","Seattle Seahawks",,
"84d11234-3ce1-41f1-aeb8-279c84bc78b4","Ke'Shawn","Vaughn","215.9","11.7","RB","Tampa Bay Buccaneers",,
"ff35fb8b-ef42-45fd-b186-8af07f8f0fff","Adrian","Peterson","215.9",,"RB",,,
"5ba6fba8-62c5-497b-8bec-0fcd5cc46b94","David","Njoku","215.9","20.7","TE","Cleveland Browns",,
"d057d54c-23ad-4d3f-9932-78216405fbdb","Simi","Fehoko","215.9","17.2","WR","Dallas Cowboys",,
"cfdcec74-3e7c-4b69-b279-4a8e63c5ce57","Cameron","Brate","216.0","51.0","TE","Tampa Bay Buccaneers",,
"156a7659-c73b-4dc8-baf0-cfa3b2500ec1","Jacob","Harris","216.0","8.3","WR","Los Angeles Rams",,
"7ac21ed7-49f1-417c-9a79-63f1ad50421f","Dazz","Newsome","216.0","5.5","WR","Chicago Bears",,
"0486d781-8e85-4575-8788-3019f4c52ae9","Jordan","Akins","216.0","48.6","TE","Houston Texans",,
"a5693b12-a7dc-47ce-9776-72ac62d734c9","Greg","Ward","216.0","41.9","WR","Philadelphia Eagles",,
"9b8176b0-ef42-4f68-9d0f-908acc6f556f","Tyron","Johnson","216.0","15.9","WR","Los Angeles Chargers",,
"0ad85745-1c46-49b5-9461-509a0b65eaec","John","Ross","216.0","13.1","WR","NY Giants",,
"56415b7f-7f81-4c00-b41d-da0ce1ed2771","Thaddeus","Moss","216.0",,"TE","Cincinnati Bengals",,
"c0bf096f-a084-4db0-82a9-78d53d118254","Andy","Dalton","216.0","66.1","QB","Chicago Bears",,
"b7f68c99-9a91-45cd-a8c1-b03cd14841fa","Ty","Montgomery","216.0","21.4","RB","New Orleans Saints",,
"e6af827f-afbf-43f1-a4e9-1ea1ffc49138","Mitchell","Trubisky","216.0","16.9","QB","Buffalo Bills",,
"e00fb885-5771-4ef9-94c1-ad0c245aeea3","Devin","Funchess","216.0","5.0","WR","Green Bay Packers",,
"c3d3f10e-f482-4c4d-95f2-2d4d3198c6fa","Antonio","Williams","216.0",,"RB","Buffalo Bills",,
"3b1f7eac-1634-45ea-96ed-aee8e75e121d","Trevon","Grimes","216.0",,"WR",,,
"ba3bcf1e-ca8c-4c69-a205-b0729c7cc8df","David","Moore","216.0","38.6","WR","Carolina Panthers",,
"20bd4995-55a3-43f7-a8f3-389dd0e45e1d","Jaelon","Darden","216.0","8.6","WR","Tampa Bay Buccaneers",,
"997cec52-be26-4e89-9f19-074d1ab7c089","Braxton","Berrios","216.0","7.1","WR","NY Jets",,
"407b66cb-a5df-462d-afb4-aa9303cb14ce","Quez","Watkins","216.0",,"WR","Philadelphia Eagles",,
"1eac7c10-cbb8-438c-90a8-bc73523bbe53","DeeJay","Dallas","216.0","19.6","RB","Seattle Seahawks",,
"02e75523-a64d-4301-b41b-2138031e4015","Justice","Hill","216.0","15.3","RB","Baltimore Ravens",,
"4452a159-f785-4ceb-9829-74336ea917ee","Andy","Isabella","216.0","14.5","WR","Arizona Cardinals",,
"00d2f807-64ff-47c4-9720-3dee60390687","Ryquell","Armstead","216.0",,"RB","Jacksonville Jaguars",,
"a2b818ed-32ab-44ce-9b7f-725f1314612a","Davis","Mills","216.0","31.9","QB","Houston Texans",,
"155fc668-69c9-4cf1-a58b-ff0f14ce03e0","Darwin","Thompson","216.0","17.9","RB","Kansas City Chiefs",,
"7d37019a-4bbc-48e0-b6db-19907d88ac4c","Kellen","Mond","216.0","14.9","QB","Minnesota Vikings",,
"28c3157a-cb5e-4bc5-a792-c0f3b425b933","Derrius","Guice","216.0",,"RB",,,
"5f9ae1ed-8bf9-4133-85a2-dfe548b2bac6","Tyler","Eifert","-","54.5","TE","Jacksonville Jaguars",,
"02f3b469-4738-49cf-8288-09d0ff9db694","Marcus","Mariota","-","54.2","QB","Las Vegas Raiders",,
"c1e45080-d51b-4e01-9350-ba3f370c5330","Chris","Conley","-","44.1","WR","Houston Texans",,
"e6d75963-c990-42e3-94ed-966cc0bef54e","Maxx","Williams","-","44.0","TE","Arizona Cardinals",,
"af8403eb-282e-4db4-ad7e-d4cc3a50d4f9","Joe","Flacco","-","41.8","QB","Philadelphia Eagles",,
"c89e2cfb-f2f2-49ea-9033-ea957f7523b4","Kyle","Juszczyk","-","36.5","RB","San Francisco 49ers",,
"12a08bf5-0743-461b-9508-3f0a568e6132","Mohamed","Sanu","-","35.9","WR","San Francisco 49ers",,
"13669464-2b6a-44f5-bbdf-14f3b618e214","Chad","Beebe","-","35.7","WR","Minnesota Vikings",,
"202cc27f-339e-42ba-8bfd-251d90eff736","Tyler","Kroft","-","34.8","TE","NY Jets",,
"50bd414d-c1d4-49f8-954c-3138e27a378b","Kyle","Trask","-","33.1","QB","Tampa Bay Buccaneers",,
"c6046a30-5b0f-4e42-9c4d-bcb7e12493e6","Cam","Sims","-","32.9","WR","Washington Football Team",,
"876eed21-b6a1-4778-bdd1-575a3ab07be7","Taylor","Heinicke","-","31.3","QB","Washington Football Team",,
"387a22e0-0bc4-475e-ba2b-f3e322c1ff6b","Albert","Okwuegbunam","-","30.1","TE","Denver Broncos",,
"fc67867e-b11b-4dd9-a556-9038d74177e4","Brycen","Hopkins","-","30.0","TE","Los Angeles Rams",,
"53a165bd-81ff-4d60-ade5-917482e2e178","Trey","Burton","-","29.6","TE","Indianapolis Colts",,
"2ce6f336-3990-4c28-bc9d-08fbb042a557","Mason","Rudolph","-","29.5","QB","Pittsburgh Steelers",,
"c6aea3d2-3948-4b49-81ac-ce39f34f2ecf","KeeSean","Johnson","-","29.1","WR","Arizona Cardinals",,
"85d6470d-031b-4cfc-8c3f-3d782bd188d2","Brevin","Jordan","-","28.9","TE","Houston Texans",,
"87517d1e-d0a9-43d9-b1b4-91e037c94245","Hunter","Long","-","27.8","TE","Miami Dolphins",,
"cc00fd76-033d-4177-8414-55c682b1717a","Tommy","Tremble","-","27.7","TE","Carolina Panthers",,
"4901d8e4-1aed-4d5b-a797-126ee1dd48aa","Darrell","Daniels","-","27.5","TE","Arizona Cardinals",,
"d766852f-2864-429a-95e6-a35b59c38a21","J.J.","Arcega-Whiteside","-","26.8","WR","Philadelphia Eagles",,
"a7d343e2-a6d2-4e75-83ea-11e26b2f616f","Kalif","Raymond","-","26.1","WR","Detroit Lions",,
"1f22b283-8f79-4378-91e7-9579884bc090","Nick","Boyle","-","25.9","TE","Baltimore Ravens",,
"5fc5343c-d86f-406a-a29d-c54571196ad8","Freddie","Swain","-","25.9","WR","Seattle Seahawks",,
"0147228a-1559-4e96-ab6f-a27dd0c6cf87","Willie","Snead","-","25.7","WR","Las Vegas Raiders",,
"44fe010a-a23f-46d5-b950-f366e088746e","Peyton","Barber","-","25.1","RB","Washington Football Team",,
"78226272-e200-4a5c-a44c-df95ae351bb2","Jacob","Eason","-","25.0","QB","Indianapolis Colts",,
"da94b26d-46bb-4765-a154-97c7d617558f","Qadree","Ollison","-","24.5","RB","Atlanta Falcons",,
"62f2ab91-d79d-4f18-be20-1a096973d734","Marquise","Goodwin","-","24.4","WR","Chicago Bears",,
"05437654-7cd6-4786-a1d9-b170d2c9aafc","Mike","Glennon","-","23.8","QB","NY Giants",,
"cca8cef8-1930-44e3-b6cc-efd961282548","Travis","Homer","-","23.3","RB","Seattle Seahawks",,
"97a262d5-31a5-4ebe-8943-5f166ed0f1fd","Trayveon","Williams","-","22.8","RB","Cincinnati Bengals",,
"83218915-c57a-4309-b4a9-b2c25bd98cfc","Kerryon","Johnson","-","22.2","RB","Detroit Lions",,
"b1febd53-5f2f-4b61-a779-9f18976b8628","Colby","Parkinson","-","21.4","TE","Seattle Seahawks",,
"b7cd7d59-af8d-4636-8561-6cdd067037fd","MyCole","Pruitt","-","21.0","TE","Tennessee Titans",,
"f7400d0c-b6f4-4821-b1af-f6c19f23f235","Anthony","McFarland","-","20.4","RB","Pittsburgh Steelers",,
"d10f8e01-770e-409b-b9f8-35475db0534d","Jalen","Richard","-","20.0","RB","Las Vegas Raiders",,
"3043c683-0190-443e-bbb9-da67fc3c2bd3","Jacob","Hollister","-","19.7","TE","Buffalo Bills",,
"cd98b5a9-ec0d-4b1e-bfd4-333bc5bcdc3c","Geoff","Swaim","-","19.0","TE","Tennessee Titans",,
"c39f6fa2-2057-405b-97ca-6983c08e7bea","Cameron","Batson","-","18.5","WR","Tennessee Titans",,
"72edc8f8-c1f3-4610-b8da-1819c795695b","Jamal","Agnew","-","18.5","WR","Jacksonville Jaguars",,
"8804efb5-5192-4077-9248-1100d29963e7","Josh","Hill","-","17.9","TE","Detroit Lions",,
"36cd83f6-069c-4fa5-ad01-fe00b2227514","Cedrick","Wilson","-","17.2","WR","Dallas Cowboys",,
"af86b31e-2377-4a75-87a2-ce521bd0bc5c","Javon","Wims","-","17.1","WR","Chicago Bears",,
"aabdd0dd-b2a3-4bb8-87f6-87a4627d0afa","Noah","Brown","-","16.8","WR","Dallas Cowboys",,
"b6a8df60-5d58-46b6-98cc-7b8d3272398f","Chad","Henne","-","16.6","QB","Kansas City Chiefs",,
"48ef542e-b10d-423f-bc23-ed28ad4e8335","Foster","Moreau","-","16.1","TE","Las Vegas Raiders",,
"a5e8e8f6-09a9-4642-a9c8-4bceb71383d5","Ross","Dwelley","-","16.1","TE","San Francisco 49ers",,
"2c7c95b6-50c3-48ce-b587-c15f7bf1d306","Gardner","Minshew","-","15.9","QB","Jacksonville Jaguars",,
"5540b266-f3b9-4ebe-bf3f-5c89efe782f2","Garrett","Gilbert","-","15.8","QB","Dallas Cowboys",,
"4ba1e4c0-b9f4-4225-885b-955429115da0","Kene","Nwangwu","-","15.6","RB","Minnesota Vikings",,
"1a03e8d4-2c23-40d5-9ea4-9ad22e469107","Olabisi","Johnson","-","15.3","WR","Minnesota Vikings",,
"95c5769e-edb6-4e10-bcfe-71308771a063","Mike","Thomas","-","15.3","WR","Cincinnati Bengals",,
"e13ff0ea-dffa-4b20-ae97-6ab2854daeab","Kelvin","Harmon","-","15.2","WR","Washington Football Team",,
"016420db-c785-473f-9e98-b2b4cbe7ebd1","Jakeem","Grant","-","15.1","WR","Miami Dolphins",,
"4b6853bd-ffb9-4d59-9c37-2df4f835205d","Jacoby","Brissett","-","15.0","QB","Miami Dolphins",,
"de0e29d7-53b7-4bfb-b820-d0b4c42266cd","Colt","McCoy","-","14.7","QB","Arizona Cardinals",,
"59919a34-7ee3-4773-8dae-385f322454e3","Geno","Smith","-","14.7","QB","Seattle Seahawks",,
"e8af1d19-33d9-4558-82e9-5ffe89971271","Brandon","Allen","-","14.4","QB","Cincinnati Bengals",,
"3159c28c-da03-4513-aaeb-679b59b10dae","John","Wolford","-","14.2","QB","Los Angeles Rams",,
"9ffea5ec-c8f1-430e-bcdd-730f32ae33e0","Kylin","Hill","-","14.2","RB","Green Bay Packers",,
"6587a876-1a71-4ad6-99ed-e37c749dbfdb","Chase","Daniel","-","14.1","QB","Los Angeles Chargers",,
"4ee42ae8-fad2-4346-a544-fef573824bb1","Miles","Boykin","-","14.0","WR","Baltimore Ravens",,
"9f7e9697-4158-483b-848e-94cd092d0bd1","Kyle","Allen","-","13.7","QB","Washington Football Team",,
"29ae0154-edeb-425e-9a5a-42bc76e47350","Jeremy","McNichols","-","13.4","RB","Tennessee Titans",,
"2bc4655a-7b7b-4de9-a747-cc950ed3cffc","Case","Keenum","-","13.4","QB","Cleveland Browns",,
"adfb4f8f-a8ae-4d59-ae3a-abb27139f69e","Ashton","Dulin","-","13.2","WR","Indianapolis Colts",,
"94bbb3a2-506f-40ea-b1c7-cb4eb2ff35c0","Chris","Manhertz","-","13.1","TE","Jacksonville Jaguars",,
"1b77689e-9896-4f23-8d6f-6783dc606e0f","DeShone","Kizer","-","13.1","QB","Tennessee Titans",,
"5bbb36f3-03ef-4673-92a7-86932a382801","John","Ursua","-","12.8","WR","Seattle Seahawks",,
"05defd91-8661-4058-883a-1402fe5ca65a","Phillip","Walker","-","12.8","QB","Carolina Panthers",,
"b2ba067c-6674-45f1-a379-49b9e4f4122d","Jace","Sternberger","-","12.6","TE","Green Bay Packers",,
"ce2abbcd-dd0b-41d0-afb2-95717a95e944","Josh","Adams","-","12.6","RB","NY Jets",,
"3aa527bb-4a0b-414b-a7a2-19dbe55cc6a2","Trey","McKitty","-","12.4","TE","Los Angeles Chargers",,
"5e14cbe4-db6c-4583-a706-7f378e77d1c7","Chester","Rogers","-","12.0","WR","Tennessee Titans",,
"64d347c9-ed71-4511-8b7b-305c9e4dd017","Ray-Ray","McCloud","-","11.1","WR","Pittsburgh Steelers",,
"2e215b06-af03-4f96-9184-70789d236619","David","Blough","-","10.9","QB","Detroit Lions",,
"c292fd2b-00f6-48a1-8f5c-3333ce8f4f24","James","Morgan","-","10.8","QB","NY Jets",,
"04a19fb7-71d2-4a9e-add8-942c2b2813a1","Mike","White","-","10.6","QB","NY Jets",,
"371da59c-94dc-48f9-abc7-63d734664a46","Tyler","Ervin","-","10.4","RB","Green Bay Packers",,
"1185fd94-4d94-4ba6-b61c-6828ea2d43a0","Chris","Thompson","-","9.6","RB","Jacksonville Jaguars",,
"7488ef66-9d2a-4ac4-b330-f8e0de231074","Lee","Smith","-","9.4","TE","Atlanta Falcons",,
"7ab26765-b6b3-48f5-a00b-ef3be0fc9cab","Khadarel","Hodge","-","9.1","WR","Cleveland Browns",,
"d6cbfdf0-f9b8-47b6-9b53-8b7dca6ee257","Alec","Ingold","-","9.1","RB","Las Vegas Raiders",,
"90b86557-0191-4e00-b9ca-da2e739cdd72","Trenton","Cannon","-","9.0","RB","Carolina Panthers",,
"6e0d32fa-22d1-444e-a4d9-79070aa5bfe7","Patrick","Ricard","-","8.3","RB","Baltimore Ravens",,
"6d455dad-1ca0-431d-a149-933709a764b9","Blake","Bell","-","8.2","TE","Kansas City Chiefs",,
"139c51d5-d4a6-4a03-aeca-bc2575465e38","Derek","Watt","-","8.1","RB","Pittsburgh Steelers",,
"3704fbe1-6d1e-4e83-8d6a-00fb58fa6412","Durham","Smythe","-","7.9","TE","Miami Dolphins",,
"b64fa35e-272f-42d4-b459-78207b06ee3f","Phillip","Dorsett","-","7.7","WR","Jacksonville Jaguars",,
"b2d8ab2a-bba3-4252-9e5e-17115adc328b","Dede","Westbrook","-","7.7","WR","Jacksonville Jaguars",,
"c7e479db-e767-435a-a31d-d56dae4d1378","Noah","Gray","-","7.7","TE","Kansas City Chiefs",,
"7beff3cd-4c13-4555-aed0-55b3c8db32de","Mack","Hollins","-","7.6","WR","Miami Dolphins",,
"b1daa387-99ef-4aa0-ae00-088ce5610080","Ricky","Seals-Jones","-","7.6","TE","Kansas City Chiefs",,
"b9211291-c936-4271-87ac-6d3d36c6e949","Johnny","Mundt","-","7.5","TE","Los Angeles Rams",,
"058b2e20-6696-4527-b9e8-e250bff6ca24","James","O'Shaughnessy","-","7.4","TE","Jacksonville Jaguars",,
"88fcb2e9-50c4-4a0a-8f50-879c4e04b6f4","Albert","Wilson","-","7.3","WR","Miami Dolphins",,
"4ee32cfb-fb62-46b8-948a-da8399c76152","Allen","Hurns","-","7.3","WR","Miami Dolphins",,
"8ee116a3-4c81-4516-8e8c-f3a66b36cbfe","Antonio","Gandy-Golden","-","7.3","WR","Washington Football Team",,
"06e8b484-e4bc-499c-a91d-6737b695fbee","Seth","DeValve","-","6.9","TE","Arizona Cardinals",,
"37157884-becc-4637-81ab-2170be91dda1","John","Bates","-","6.8","TE","Washington Football Team",,
"15c0655b-ddb4-4e3a-bcb9-4fb703c64326","Ryan","Izzo","-","6.7","TE","Houston Texans",,
"20519cf7-6ec7-4e51-a5fc-95c273dac2cb","Adam","Shaheen","-","6.7","TE","Miami Dolphins",,
"224a04c9-e211-4c32-8d62-e468d7faf506","Seth","Williams","-","6.6","WR","Denver Broncos",,
"9f260d4f-9951-40dc-b263-1f2db417898b","DaeSean","Hamilton","-","6.6","WR","Denver Broncos",,
"2ede56c8-e836-4caf-88bc-2006a566dae1","Tommy","Sweeney","-","6.6","TE","Buffalo Bills",,
"5575b826-5e10-45b5-9b82-2ceb234b7fe1","Mike","Strachan","-","6.6","WR","Indianapolis Colts",,
"27e9d488-c537-44ce-9ab1-2c35ee515ebf","Derek","Carrier","-","6.5","TE","Las Vegas Raiders",,
"f322a181-0b1a-4ac7-bde8-4a0926b52dcc","Tommy","Hudson","-","6.4","TE","Tennessee Titans",,
"f28275ec-626a-4ba8-8c8e-235831cdc1bd","Alex","Erickson","-","6.3","WR","Houston Texans",,
"aee8182a-a716-4969-a714-f6dfa3cbeb4e","Juwan","Johnson","-","6.2","WR","New Orleans Saints",,
"2eea2350-2e35-40ee-8257-bde1956d8abe","Devin","Asiasi","-","6.2","TE","New England Patriots",,
"9c56520d-62e3-4960-baa6-fb6dc17886cc","Ian","Thomas","-","6.2","TE","Carolina Panthers",,
"681f547d-3936-4163-bdc4-e0204b1d64b8","Kaden","Smith","-","6.2","TE","NY Giants",,
"f7f7f43e-b4e9-47fd-88a4-27f251c8e0cf","Gunner","Olszewski","-","6.2","WR","New England Patriots",,
"fbaeb2b9-4a94-4233-89e1-91631169b5c5","Nick","Vannett","-","6.1","TE","New Orleans Saints",,
"f287442d-880f-4200-b92e-0d13671dc62a","Marcedes","Lewis","-","6.1","TE","Green Bay Packers",,
"cc9f948e-7dee-4abc-8735-74bf64d2a986","Garrett","Griffin","-","6.1","TE","New Orleans Saints",,
"e8074c3c-6f8b-4fd7-93bb-8206695fe03d","Isaiah","Coulter","-","6.0","WR","Houston Texans",,
"cd4c91ff-3082-4f59-ac57-df3251b3980c","Kenny","Yeboah","-","6.0","TE","NY Jets",,
"3a395cc1-67e0-4fcd-af16-4c4fecd34f41","Tory","Cater","-","5.9","TE","Tennessee Titans",,
"ece779ba-1e6c-4911-9dcb-f15ac0e08612","Jordan","Thomas","-","5.9","TE","Indianapolis Colts",,
"90b6f47e-45eb-4d01-9b8f-ae752c9f238e","Luke","Willson","-","5.8","TE","Seattle Seahawks",,
"70c3f0f7-cacf-42bd-9f11-0809569732ba","Jordan","Howard","-","5.7","RB","Philadelphia Eagles",,
"e2e77131-c592-405b-9e95-0052de77afbd","Tavon","Austin","-","5.3","WR","Green Bay Packers",,
"5f0a9112-c0e8-4c31-bc33-ba1b17638e44","Reggie","Bonnafon","-","5.3","RB","Carolina Panthers",,
"2c166a7a-9cbb-42d9-9952-2b31e847d733","Gary","Brightwell","-","5.1","RB","NY Giants",,
"82417901-3d8c-4b9b-b112-fd179ed6c0cb","Equanimeous","St. Brown","-","5.0","WR","Green Bay Packers",,
"d180f550-f019-490a-a3ce-4b1674b93f9e","D'Ernest","Johnson","-","4.7","RB","Cleveland Browns",,
"fda8d237-813f-48c8-8fcf-f5ec07b92030","Dalton","Keene","-","4.6","TE","New England Patriots",,
"fbd8f3eb-bb51-4d3d-b6d5-ec5fcf33b9c4","Keith","Smith","-","3.2","RB","Atlanta Falcons",,
"059d73fe-1d00-471e-b54d-b767457b0858","D'Onta","Foreman","-","3.1","RB","Tennessee Titans",,
"422b41d4-be9f-4143-92b8-eb9f41377caa","Sewo","Olonilua","-","2.9","RB","Dallas Cowboys",,
"aa17c58c-6222-41ad-826d-b1f9c86f3696","Jake","Funk","-","2.8","RB","Los Angeles Rams",,
"4f4a4ccf-c8d5-4a38-89f2-7f4040aad7e3","Raymond","Calais","-","2.8","RB","Los Angeles Rams",,
"438f836f-7e5c-4bf6-bdb1-7056262525be","Patrick","Laird","-","2.7","RB","Miami Dolphins",,
"ba87c98b-a7c7-4d63-8256-810f41a96363","Malcolm","Perry","-","2.7","RB","Miami Dolphins",,
"56e09e6a-895c-4ec9-a100-7af498312c57","Rodney","Smith","-","2.6","RB","Carolina Panthers",,
"55ccc7dc-0025-4fbf-9653-007dfefe73ed","Jakob","Johnson","-","2.3","RB","New England Patriots",,
"65cd7933-f72a-4bb3-a314-70079bab3191","Royce","Freeman","-","2.0","RB","Denver Broncos",,
"ffba4c95-ff91-4ad8-9bfe-196aea4527ae","Brian","Hill","-","0.0","RB","Atlanta Falcons",,
"d72ef896-f74e-4624-8473-0b1e51331906","K.J.","Costello","-",,"QB",,,
"b1cc48b0-e73d-41dd-bfa6-358c63f8a8b9","Ja-Maine","Martin","-",,"RB",,,
"79a695a7-5642-4d0e-b5e5-1e1e56b62faa","Nick","Foles","-",,"QB","Chicago Bears",,
"33445737-ee51-42a4-90dd-7dc407a04fe6","Devin","Wynn","-",,"RB",,,
"afe6b86c-e0d4-4d03-89ae-5902012b1b41","Dwayne","Haskins","-",,"QB","Pittsburgh Steelers",,
"1f6e674d-9106-448f-8857-cfba1c62c350","Josh","Johnson","-",,"RB",,,
"15079e7e-042c-4d74-aaf2-720ecb141c4b","Kalen","Ballage","-",,"RB","Pittsburgh Steelers",,
"49eedbcd-ea6e-4c85-930a-82cc12d53e47","Alshon","Jeffery","-",,"WR",,,
"d57cc4c0-9867-4128-929e-d0773c7ff98e","Asim","Rose","-",,"RB",,,
"d9f77e5f-2446-496d-9e56-6ca0c085501c","Devine","Ozigbo","-",,"RB","Jacksonville Jaguars",,
"d0cb929c-232c-474e-9138-0179e054babc","Tyler","Vaughns","-",,"WR",,,
"9b7c3990-ba66-4dd3-829b-a113ac815f0c","Trent","Sherfield","-",,"WR","San Francisco 49ers",,
"567dc135-fc9a-4298-aea8-e0cffb2ad2e3","Jake","Kumerow","-",,"WR","Buffalo Bills",,
"5466ce9c-b3d0-44de-89cd-e060c4178e2e","C.J.","Prosise","-",,"RB","Tampa Bay Buccaneers",,
"b5c7673b-34f5-4433-9eff-141024e87579","Colin","Thompson","-",,"TE","Carolina Panthers",,
"aac1a848-594e-41b1-ad09-487b9482d25a","Buddy","Howell","-",,"RB","Houston Texans",,
"346b2110-797f-4ad9-bffd-d4d3f188183b","Deon","Yelder","-",,"TE","Kansas City Chiefs",,
"57eb475b-0c71-4a88-afa5-1772aeb4a5dd","River","Cracraft","-",,"WR","San Francisco 49ers",,
"e3bfd38c-925e-4c19-bb44-b6bebf42d948","Levine","Toilolo","-",,"TE","NY Giants",,
"60c8bccc-170a-4c66-bccd-a1ce5afcd800","Ben","DiNucci","-",,"QB","Dallas Cowboys",,
"0a3d707a-09a2-4807-931c-40529a97d92a","Nick","Westbrook-Ikhine","-",,"WR","Tennessee Titans",,
"ec6d891f-9286-468c-97f9-80514db98c42","Jason","Croom","-",,"TE","Philadelphia Eagles",,
"e56eae38-a7e8-4fd0-b312-71350ee01757","Isaiah","Zuber","-",,"WR","New England Patriots",,
"8effb673-59dc-41f7-983c-2e4bb8adcc2c","Riley","Ridley","-",,"WR","Chicago Bears",,
"223c6a5e-f6aa-4d80-be2c-858d73f4838e","Khari","Blasingame","-",,"RB","Tennessee Titans",,
"314f26c3-c41c-4c7a-b0fd-32875f7ae987","Tanner","Hudson","-",,"TE","Tampa Bay Buccaneers",,
"9015db19-9f65-4146-a4b1-82e82da4ff76","Ted","Ginn","-",,"WR",,,
"d35c1554-9b40-4fb1-8d49-97c9ecef869b","Dontrell","Hilliard","-",,"RB","Houston Texans",,
"24998a42-26d2-4faa-902f-c96f31b4f328","Seth","Roberts","-",,"WR","Green Bay Packers",,
"28bb5f2a-42ce-4d34-a04f-c29df1d7eff1","Darrius","Shepherd","-",,"WR",,,
"f8a48432-863d-463f-ac93-f63db05be03a","Charlie","Woerner","-",,"TE","San Francisco 49ers",,
"7226df59-71c3-480a-bcc6-28303c8af6a2","Kahale","Warring","-",,"TE","Houston Texans",,
"b22e5643-99e0-4832-994e-ef309ad92cd7","Terry","Godwin","-",,"WR","Jacksonville Jaguars",,
"e5d857c4-d592-4dcb-b7bf-c7de8a30f08e","Josh","Malone","-",,"WR","NY Jets",,
"4125b96a-a6eb-4b3c-9f9a-7f096cfb299d","Robert","Griffin","-",,"QB",,,
"c161b9da-ab3f-4fc4-a018-60656b094c3d","Lawrence","Cager","-",,"WR","NY Jets",,
"7025ce57-1816-4831-9cc2-b87f628f59b2","Elijhaa","Penny","-",,"RB","NY Giants",,
"4cd5227d-25d1-4364-b8ff-24d98b010a33","Daniel","Brown","-",,"WR","NY Jets",,
"0e02a4d2-7e2b-410c-82d7-f792b4f47844","Jaeden","Graham","-",,"TE","Atlanta Falcons",,
"558cafca-994c-4324-a5a1-ad47b4498ad6","Stephen","Carlson","-",,"TE","Cleveland Browns",,
"e1e74341-7c08-4184-a5e1-3f3bbebd8451","Austin","Walter","-",,"RB","San Francisco 49ers",,
"9bbf6f92-1c0c-425a-9e06-959e38261951","Ben","Ellefson","-",,"TE","Jacksonville Jaguars",,
"948bc62e-7cb0-41b9-ba17-8f55b3972ce8","Eric","Saubert","-",,"TE","Jacksonville Jaguars",,
"4d17ed47-b840-4fc4-adfe-234fcd01e04a","Antonio","Callaway","-",,"WR","Kansas City Chiefs",,
"67690b8d-18ce-4260-97ae-0900d1b7ac1b","Tyler","Huntley","-",,"QB","Baltimore Ravens",,
"2eeaeebc-2921-41e3-aca0-a68df7ebfcb0","Austin","Carr","-",,"WR",,,
"a3fe63f4-fa3c-4088-b18c-6ea0dd504225","Andy","Janovich","-",,"RB","Cleveland Browns",,
"bdb3248d-56c1-46c4-936c-7aa84f7dc67a","Penny","Hart","-",,"WR","Seattle Seahawks",,
"f683e3c3-7aae-4d21-b500-8d973bba5105","Jonathan","Williams","-",,"RB","Washington Football Team",,
"5dee70cd-19cb-44b5-8142-ba406c2096f7","Matt","Slater","-",,"WR","New England Patriots",,
"2bf12b87-0d43-4404-8890-070e8da04060","J.J.","Taylor","-",,"RB","New England Patriots",,
"f70aaeec-68f4-4556-92d5-71c93f077ee2","Diontae","Spencer","-",,"WR","Denver Broncos",,
"a946a761-ae1c-4c0b-89fe-46771be23ba2","Lil'Jordan","Humphrey","-",,"WR","New Orleans Saints",,
"434b277e-7855-4e24-aec6-954c0645b2c7","Austin","Mack","-",,"WR","NY Giants",,
"c2bbb1a8-9cb6-422b-b7d7-31a4f3e21c82","Justin","Watson","-",,"WR","Tampa Bay Buccaneers",,
"78889626-eb80-4d4d-94ee-99b7d5f1e235","Jason","Huntley","-",,"RB","Philadelphia Eagles",,
"79582972-2b32-4e43-b2ea-b5b063bfdc5d","Rico","Dowdle","-",,"RB","Dallas Cowboys",,
"4ceb112c-0049-4eb4-8804-a73c2268f7e5","Tommy","Stevens","-",,"QB","Carolina Panthers",,
"60ad093d-1f4c-4737-8e7b-34ae1c3fd25a","Chandler","Cox","-",,"RB",,,
"d1dbba63-0c31-42ca-8434-d70b767c10f2","LeVante","Bellamy","-",,"RB","Denver Broncos",,
"e50e1fdf-f139-4f4b-addb-7a4bccdfc0d4","Scottie","Phillips","-",,"RB","Houston Texans",,
"7cddbf1d-3ce5-4e0f-898a-e9684c19e7f7","Jaleel","Scott","-",,"WR","NY Jets",,
"7feacbf5-8c63-4acc-b0a4-d02cd3250ff0","Joshua","Dobbs","-",,"QB","Pittsburgh Steelers",,
"cb405d76-e96d-4d85-bd59-c139b7f7b502","Robert","Foster","-",,"WR","Miami Dolphins",,
"83e92f5e-c634-45c6-a0b9-efa4560785d9","Donte","Moncrief","-",,"WR","Houston Texans",,
"b8f3f74b-b93c-4ac5-94c7-7e801560add8","Michael","Burton","-",,"RB","Kansas City Chiefs",,
"4b274212-b00a-4f48-bead-44497391800d","Daurice","Fountain","-",,"WR","Indianapolis Colts",,
"4a420906-2828-400a-b472-823963fd12f2","Tommylee","Lewis","-",,"WR",,,
"860e7dba-6aff-4606-bc5e-df3dce2050ed","Nick","Bellore","-",,"RB","Seattle Seahawks",,
"696c7a1b-e847-4248-93a9-20cf959c6e5e","Nathan","Peterman","-",,"QB","Las Vegas Raiders",,
"70228643-99f5-41de-b6b7-811da43e2907","James","Proche","-",,"WR","Baltimore Ravens",,
"a216bfc4-4500-44bb-ba44-cb4b16b830a9","Vyncint","Smith","-",,"WR","NY Jets",,
"ae1f9383-7524-4414-aa78-9d8079061aae","Keith","Kirkwood","-",,"WR","Carolina Panthers",,
"c71e80ce-ea05-45e0-b023-6b64a2515dc1","Josiah","Deguara","-",,"TE","Green Bay Packers",,
"9adc83b2-d7d6-4510-aa9c-f5c07ef50a0a","Cody","Hollister","-",,"WR","Tennessee Titans",,
"934160a9-0120-49b8-9c3b-aa0c5c5e5b62","Lamar","Miller","-",,"RB","Washington Football Team",,
"9748d887-bbb9-4ae8-84b5-bf423d38a8d5","Marcus","Kemp","-",,"WR","Kansas City Chiefs",,
"ba9f992d-d89b-4f0e-a5a2-08e143939729","Dwayne","Washington","-",,"RB","New Orleans Saints",,
"931d3894-c940-437f-94fb-38544120646b","Jake","Butt","-",,"TE","Denver Broncos",,
"1b3549dd-dc4f-4955-8348-165fdb305770","Gehrig","Dieter","-",,"WR","Kansas City Chiefs",,
"9d7049a0-6aed-4f1b-86d6-1ee44ab0623f","Temarrick","Hemingway","-",,"TE","Washington Football Team",,
"68a79988-4fb5-4db5-9676-5ee3ae0d85a1","D.J.","Foster","-",,"RB","Arizona Cardinals",,
"5b713430-bbe6-4e7d-94b3-a8d1234e5d44","Tony","Jones","-",,"RB","New Orleans Saints",,
"fe4364c3-a2eb-4156-9388-59285fa52290","Logan","Woodside","-",,"QB","Tennessee Titans",,
"ea12e353-36c4-4285-ac0a-e323bf912f65","Taiwan","Jones","-",,"RB","Buffalo Bills",,
"45cb4b96-721f-4ca4-a942-7ff7b4c8e2ff","Brandon","Dillon","-",,"TE","Minnesota Vikings",,
"4d4ad88d-ef30-494e-87bc-713415de9820","Trevon","Wesco","-",,"TE","NY Jets",,
"71b4697b-175c-4a46-9889-f433485d5c3d","Trenton","Irwin","-",,"WR","Cincinnati Bengals",,
"d5e70b21-eeac-4821-a3b5-a6484351fc4d","Senorise","Perry","-",,"RB","Tennessee Titans",,
"ceed5534-aca8-466c-bab4-560c1dce6ab9","AJ","McCarron","-",,"QB","Houston Texans",,
"93a4cb66-40cd-4a41-9e21-8d824d44f2cc","Isaac","Nauta","-",,"TE","Green Bay Packers",,
"6548580b-df2d-426c-a2a1-d63352805d0b","Tyler","Bray","-",,"QB",,,
"e8c4d70b-5e08-419b-b0ae-c6d677d57763","Marcus","Baugh","-",,"TE","Washington Football Team",,
"9d346116-f242-49d6-b2ab-a5aab02e21e1","Tony","Brooks-James","-",,"RB","Atlanta Falcons",,
"01915d83-dd71-4052-a6f7-60974c69e4aa","JoJo","Natson","-",,"WR","Cleveland Browns",,
"f4e9b89b-2219-4622-91ca-cc483c89d7a0","Ryan","Griffin","-",,"TE","NY Jets",,
"556d73d1-7c15-40e5-90fc-4fcb1fe489bf","John","Kelly","-",,"RB","Cleveland Browns",,
"4bedbd4a-d6a7-47fa-842d-6ac9d5f5d261","Shelton","Gibson","-",,"WR",,,
"6d9d18d4-91dd-494b-a560-326bab49ad67","Elijah","Holyfield","-",,"RB","Philadelphia Eagles",,
"9e5d85f7-7b36-4b19-acfc-16ca88e29c1c","Tajae","Sharpe","-",,"WR","Kansas City Chiefs",,
"dbf8e5a5-7398-4192-886c-397cfa7dde38","Paul","Richardson","-",,"WR",,,
"3d418963-2b32-455e-b087-2fb06573ff4f","Rodney","Anderson","-",,"RB",,,
"fde0c518-f3ed-4b62-87b2-82b23e87afa1","Brandon","Bolden","-",,"RB","New England Patriots",,
"765dfd3f-559a-4c06-b5f8-6dec1b1a6b4b","Dante","Pettis","-",,"WR","NY Giants",,
"6ec6db9d-a8e1-4ac8-a899-39e9db62de35","Stephen","Anderson","-",,"TE","Los Angeles Chargers",,
"84dbffa7-07bd-40a9-b84d-5efb5aa5b051","Cody","Latimer","-",,"WR",,,
"e2ccb7d2-a1bd-488b-8d84-48480192abe5","Hakeem","Butler","-",,"TE","Philadelphia Eagles",,
"2c9286e7-dca3-49b8-85ed-835337aa7052","Isaiah","Hodgins","-",,"WR","Buffalo Bills",,
"8396886d-7798-4cb2-b625-81cfc58ebe66","Damarea","Crockett","-",,"RB","Denver Broncos",,
"02aa6351-9e34-4b75-a115-4742cff6394e","Justin","Johnson","-",,"TE",,,
"8457b7d9-6909-4635-9907-e81127041717","David","Sills","-",,"WR","NY Giants",,
"25c5fe98-ee5d-4335-9039-94603ed63e45","Connor","Davis","-",,"TE","NY Jets",,
"efbdf83b-3b77-4174-b4d6-be82cb44f144","Nakia","Griffin-Stewart","-",,"TE","NY Giants",,
"9139275a-a2c9-4421-9884-a9108f37efdc","Andre","Roberts","-",,"WR","Houston Texans",,
"2e2359c1-a921-421e-a166-f8e75d92b0f7","Brett","Rypien","-",,"QB","Denver Broncos",,
"f473dcc3-9959-4a57-a92a-d01f711683df","Dexter","Williams","-",,"RB","Green Bay Packers",,
"3ed0bdbb-378c-476b-a775-e96efb2c6657","Jeremy","Sprinkle","-",,"TE","Dallas Cowboys",,
"a5c51d77-b5bd-4339-bb4b-74a4210f0b5c","Troymaine","Pope","-",,"RB",,,
"766d8af4-e1cb-4890-82d8-c78c363de9b4","Bruce","Miller","-",,"RB","Jacksonville Jaguars",,
"15530b57-317d-4cef-bd69-497f87654e17","Joshua","Perkins","-",,"TE",,,
"2b546e34-50df-473e-a227-3f4cba060f02","Caleb","Wilson","-",,"TE","Philadelphia Eagles",,
"bcfff323-570c-4599-b369-24074586dfa6","Marcus","Green","-",,"WR",,,
"8ce7b0ab-a1e5-4dd6-823a-79a0167b4863","Cody","Thompson","-",,"WR","Seattle Seahawks",,
"68aa65b1-2a20-4845-8927-15f6cb2b4c35","Jake","Burt","-",,"TE",,,
"696496a2-ee4b-4d6e-9c6e-6f6e4d03e199","Jay","Cutler","-",,"QB",,,
"4ec9509f-51f2-46ba-9fa9-ef193bdd54cb","Trevor","Davis","-",,"WR","Washington Football Team",,
"9aad9445-f508-4c9a-a560-944ad492de1b","Jamie","Newman","-",,"QB","Philadelphia Eagles",,
"1a214b2c-ed4f-4824-a2b7-a8e318366b3a","Jaylen","Samuels","-",,"RB","Pittsburgh Steelers",,
"e016df26-7d91-4d08-98f2-a34c7deb0f1e","Caleb","Scott","-",,"WR",,,
"775b2295-244b-41d5-b841-5f71b6a85ab9","Patrick","Taylor","-",,"RB","Green Bay Packers",,
"ee7e1200-10e1-44db-85bb-e2b7f1a997ca","D.J.","Montgomery","-",,"WR","NY Jets",,
"b2327e33-b305-4417-b56c-8f7ce0945848","Mason","Kinsey","-",,"WR","Tennessee Titans",,
"e67f0d6b-bac9-4dcc-a694-a1be59a51802","David","Fluellen","-",,"RB",,,
"48441e12-ec44-46da-b78b-a781665270e6","Jaylon","Moore","-",,"WR","Baltimore Ravens",,
"0975fb1a-af02-4aaf-b02c-66887cc5c3eb","Bryce","Perkins","-",,"QB","Los Angeles Rams",,
"4373357a-847c-45d2-ba36-1407f9fe87a7","Zach","Gentry","-",,"TE","Pittsburgh Steelers",,
"1ea3660b-3307-4181-816a-0016582d1de7","Elijah","McGuire","-",,"RB","Kansas City Chiefs",,
"14f7dd90-1734-4137-baac-3120aecb3a2f","Xavier","Grimble","-",,"TE",,,
"ab60ad42-8c11-413d-af63-9e99afa7a02d","Patrick","DiMarco","-",,"RB",,,
"1f567d54-b810-4573-bfe5-f86a75978d96","Nate","Becker","-",,"TE","Buffalo Bills",,
"b5f2cddc-d4df-4a2f-b55b-49782a2a04cb","Bilal","Powell","-",,"RB",,,
"19c2c9c2-a699-42e2-bf61-1050057331c9","Michael","Roberts","-",,"TE",,,
"5cabef40-aa4a-4959-a523-fb6196d76808","Eli","Wolf","-",,"TE","Baltimore Ravens",,
"7cd8cf74-8ad1-4a88-8bb0-bca6130b562a","Greg","Dortch","-",,"WR","Atlanta Falcons",,
"a75f0db2-828c-4c97-886a-1db1fe3ce9bc","Darius","Jennings","-",,"WR",,,
"3658f1a0-b3cc-4a6d-9250-231cb33622fd","Nate","Stanley","-",,"QB","Minnesota Vikings",,
"e9d3ae92-bac2-4012-8b26-7f0aecc74541","Khari","Lee","-",,"TE",,,
"e1e74ad5-a775-43f4-9e0e-b9ff41db038b","Malik","Henry","-",,"WR",,,
"c26cc7ae-0b84-48b3-8d8c-96a8279ec05e","Victor","Bolden","-",,"WR","Detroit Lions",,
"0c6754eb-231b-4d27-a838-a97a1a425aa4","Kevin","Hogan","-",,"QB",,,
"dfac9029-fc16-4beb-9894-654bb8b9dd5c","Trinity","Benson","-",,"WR","Denver Broncos",,
"41ddbd79-959f-463c-b64b-9b6f8f87c9b2","Jordan","Matthews","-",,"WR",,,
"7c94ea48-60b8-4daf-9f0a-2ea9da663a14","Manasseh","Bailey","-",,"WR","NY Jets",,
"64d6da67-8f87-42f7-9bfb-d80da5249f3b","Thomas","Ives","-",,"WR","Chicago Bears",,
"a7f73d53-bdad-48c9-ab2d-500345fb1441","Shawn","Poindexter","-",,"WR",,,
"589fc8c8-26cc-49d4-bfd9-1c95ffc6d818","Chris","Myarick","-",,"TE","Miami Dolphins",,
"f147f16b-5fb8-4dc3-a0eb-4c8bd236c9bc","Tanner","Gentry","-",,"WR","Buffalo Bills",,
"c689b54c-5310-4774-82d1-a216263a2b24","Khalfani","Muhammad","-",,"RB","Arizona Cardinals",,
"6b108f5d-d7b2-4c17-82fb-2c22a0b49b5e","Jeff","Cotton","-",,"WR",,,
"94542fe0-72a8-4fac-a8e4-e91321201413","Alex","McGough","-",,"QB","Seattle Seahawks",,
"574f09dc-1d93-454e-9d75-6fa91440f1c8","Tony","Brown","-",,"WR","Washington Football Team",,
"1c21840f-5601-4ba1-b071-0c83fa6e242d","J.J.","Koski","-",,"WR","Los Angeles Rams",,
"d6eb7ac0-7e61-4da6-8207-a755bac46a4c","Ty'Son","Williams","-",,"RB","Baltimore Ravens",,
"8ec66f67-8e29-4033-b8eb-a850ccfe7e08","Parker","Hesse","-",,"TE","Tennessee Titans",,
"e9117fdc-712a-4296-8142-a4babaafdae4","Maurice","Ffrench","-",,"WR","Kansas City Chiefs",,
"2e1c04f8-d439-43ad-a48c-34577162106c","Matt","Lengel","-",,"TE",,,
"046101ac-40a2-4814-8adc-eea437d425e6","Aaron","Parker","-",,"WR","Dallas Cowboys",,
"650a96b0-a38a-4af1-9b95-9b9a29520073","Jake","Browning","-",,"QB","Minnesota Vikings",,
"711bade2-a9d5-4111-a2a5-1f59fc4494b2","De'Lance","Turner","-",,"RB",,,
"5bbd4492-ceef-4fae-a6ea-6c74b2b1be35","Chris","Rowland","-",,"WR","Atlanta Falcons",,
"dd4aea28-35b4-4467-b6ba-13f07938c250","Nate","Wieting","-",,"TE","NY Giants",,
"7525e592-810e-4d4c-ad2d-5b844050ce97","Isaac","Whitney","-",,"WR","Arizona Cardinals",,
"3501f470-c049-4da4-a35a-c64edbf29532","Marcell","Ateman","-",,"WR","Las Vegas Raiders",,
"532a7e6b-ee3d-4620-8612-0e821ea3824b","Devlin","Hodges","-",,"QB","Los Angeles Rams",,
"215466de-1961-4ced-8dc4-d7533e781621","Paul","Quessenberry","-",,"TE","Houston Texans",,
"2cb21665-7030-48a3-8b6f-194a0d5663bb","Kerrith","Whyte","-",,"RB","Detroit Lions",,
"6514988c-a82b-41aa-b17f-01cfed343722","Bug","Howard","-",,"WR","Jacksonville Jaguars",,
"3cf5b998-408d-4082-9358-166739018f19","Jordan","Leggett","-",,"TE",,,
"36cb372e-0ee9-45bb-9895-28b3034ae4bc","Ventell","Bryant","-",,"WR","Carolina Panthers",,
"f77f98fa-8c74-44d8-a02a-344dd063788e","Jordan","Franks","-",,"TE","Cleveland Browns",,
"9b76ca3b-edd6-4a6b-9398-c67d0531af28","Farrod","Green","-",,"TE","Indianapolis Colts",,
"05502550-3b5b-494b-80c9-d332faffcf10","Josh","Doctson","-",,"WR","NY Jets",,
"54de6e9e-6fab-463f-bcf4-b81866ce9b4d","Anthony","Johnson","-",,"WR","Pittsburgh Steelers",,
"6af616f1-a48b-4b36-8515-ab94a21b5c4b","Reggie","Begelton","-",,"WR","Green Bay Packers",,
"935a5d54-015f-45de-ba6d-bfe19e1b85db","Jordan","Scarlett","-",,"RB","Miami Dolphins",,
"fbc5370c-5d11-4701-937a-66f3b278066e","Juwann","Winfree","-",,"WR","Green Bay Packers",,
"219ecca3-46d2-4697-8fef-3b3e9d85d5f0","Jordan","Chunn","-",,"RB","NY Giants",,
"4ceb67bb-db72-477d-ac4c-de46647dc919","Dax","Raymond","-",,"TE","Pittsburgh Steelers",,
"233aa0f0-ee43-4d47-b651-20b09b2f2bdd","Luke","McCown","-",,"QB",,,
"81925e03-7a11-4b07-842f-bbec1a109ad1","Mike","Weber","-",,"RB","Green Bay Packers",,
"4a965228-a4bc-4da5-8ee2-60ec0d98cf13","Delanie","Walker","-",,"TE",,,
"18f28f1f-b1b8-4100-a741-beb62494efc8","Krishawn","Hogan","-",,"WR","Arizona Cardinals",,
"2dee99a0-3d18-40f1-ace8-58385a8c3856","C.J. ","Anderson","-",,"RB",,,
"dc25c71b-bcfa-4ca4-94af-e59dfb10726e","Malik","Turner","-",,"WR","Dallas Cowboys",,
"a3234ba3-6743-47f8-8877-8438f9208b49","Devin","Ross","-",,"WR",,,
"35a7c526-1b26-43c6-89f2-6ce38275a797","Alexander","Hollins","-",,"WR","Cleveland Browns",,
"d4c69643-af8a-4407-b859-236ff308a008","Pete","Guerriero","-",,"RB","NY Jets",,
"63f33a5c-9790-49c3-bcda-9b7263f8f255","Cooper","Rush","-",,"QB","Dallas Cowboys",,
"a73987b7-a1c4-43e7-b611-5c90397433bb","Ben","Koyack","-",,"TE",,,
"db54a0ad-dbea-4375-922c-2cbb16365b52","Derrick","Willies","-",,"WR","Cleveland Browns",,
"92f68dec-f22f-43d7-97aa-22c5da950681","Jerome","Cunningham","-",,"TE",,,
"417fff07-c819-4636-8f7e-67dd5c506c88","Codey","McElroy","-",,"TE","Tampa Bay Buccaneers",,
"e0daeb3e-4d69-454d-8bd7-dbf11bbe86c8","Ishmael","Hyman","-",,"WR","Carolina Panthers",,
"100abdbf-c27b-4c5d-8e48-1b99c77e62a7","Jacob","Dolegala","-",,"QB","New England Patriots",,
"4bb26b17-7c3b-44bb-affa-57c4022799ae","Alex","Ellis","-",,"TE",,,
"1422b236-5836-41a7-a8a6-1eecbe2cb7fa","De'Anthony","Thomas","-",,"WR",,,
"9fb69b8c-6834-4b39-8959-dd84b7c72b20","Lance","Lenoir","-",,"WR",,,
"500b0216-9a95-4f5f-b096-09f22af1e161","Tevin","Jones","-",,"WR",,,
"b4203728-8c54-47b6-ae0f-9de5ebb426d4","Demaryius","Thomas","-",,"TE",,,
"e7f45bcb-d525-47c1-80d3-91e3e81dcd0a","Bronson","Kaufusi","-",,"TE","Green Bay Packers",,
"2604c271-09a7-4c7c-a2db-d5d73494188b","Tommy","Bohanon","-",,"RB",,,
"aa790669-7639-4aab-9df3-785d09187ac5","Antoine","Winfield","-",,"WR",,,
"f97d1ef6-aab7-4cd4-a1ce-f8fae1c1127b","Jacques","Patrick","-",,"RB","Cincinnati Bengals",,
"61d94056-887f-444a-80db-0dad2d49eb5a","Blake","Bortles","-",,"QB","Los Angeles Rams",,
"0779d24f-70eb-4694-8719-985258f3352a","Giovanni","Ricci","-",,"TE","Carolina Panthers",,
"151a448c-9da0-41ad-b3ab-9bea148000f3","Roosevelt","Nix","-",,"RB",,,
"3ba15aca-0333-4235-a2c3-52caeb2f24dc","Matt","Cole","-",,"WR","San Francisco 49ers",,
"1cfc7e83-a02d-4739-9e9c-96634ab0cc2c","Matt","LaCosse","-",,"TE","New England Patriots",,
"1af0b0f5-29b4-4b61-b80c-785ac5a688ce","Javorius","Allen","-",,"RB",,,
"19548c91-747a-45d0-82a1-8ebcf6ad7831","Nick","Bowers","-",,"TE","Las Vegas Raiders",,
"7f69391b-9d1d-4235-9c79-00cde0421d07","Kalija","Lipscomb","-",,"WR",,,
"3dca1dd1-6b39-429c-84b2-b1da991e0aa8","Devin","Smith","-",,"WR","New England Patriots",,
"c801886a-ef98-4332-b0ca-e73caec837ac","Ricky","Ortiz","-",,"RB",,,
"823c8350-3ce7-488b-8152-c8b58b89cc1f","Dalyn","Dawkins","-",,"RB",,,
"afa79013-bcaf-441d-ad8a-02b1102efe0f","Patrick","Carr","-",,"RB","Seattle Seahawks",,
"6010fbba-d5fb-4e94-849e-e8757f6e402a","Jaron","Brown","-",,"WR",,,
"38d3852e-eaaa-4602-b817-fafd508e48d1","Darius","Bradwell","-",,"RB","Los Angeles Chargers",,
"ec024ea8-4468-45b6-80e1-a83bdc9b44c4","Andrew","Vollert","-",,"TE","Indianapolis Colts",,
"c8d21e2b-3fac-4ba6-80ef-4794f6882389","C.J.","Board","-",,"WR","NY Giants",,
"4afcd9df-4ab3-406a-9098-b0406b4ccfb5","Jarrett","Stidham","-",,"QB","New England Patriots",,
"c5717207-90a8-43d1-ad0a-204d7d9e9690","Jake","Fromm","-",,"QB","Buffalo Bills",,
"67de2c8e-6c30-4baa-829c-713656184133","Artavis","Scott","-",,"WR","Houston Texans",,
"4314a8a7-b954-4239-9d32-ea00d56b6805","Devin","Gray","-",,"WR","Atlanta Falcons",,
"211a8755-4ce5-40e4-84af-7c6ebf7001ea","Jalin","Moore","-",,"RB",,,
"16dec3de-d221-4ddf-830a-e80042d4e74f","Pooka","Williams","-",,"RB","Cincinnati Bengals",,
"5c850831-54cd-4311-97a7-1b1db14b0f16","Antwan","Davis","-",,"WR",,,
"7f696a67-80c1-49ec-aea1-da3833b3b9ef","Brandon","Smith","-",,"WR",,,
"37f0851d-bb8b-40ac-92be-53d059df1731","Brennan","Eagles","-",,"WR",,,
"c8fa3a03-b3bb-490a-943e-4f73d7ecc20b","Connor","Wedington","-",,"WR",,,
"20f337e8-2ca3-416a-aaf3-43a7a0e22ee0","DJ","Turner","-",,"WR",,,
"6e32b7d3-7347-4b8f-968e-8a72fc97cb9b","Damon","Hazelton","-",,"WR",,,
"7a401522-a2ff-4dad-9dff-cc45f182e5dd","Donnie","Corley","-",,"WR",,,
"0475aa4b-2826-4a54-828f-44a5165faf86","Isaiah","McKoy","-",,"WR",,,
"219f9e5f-9df1-4473-a40d-1d515f42607d","Jalen","Camp","-",,"WR",,,
"0ba0e516-4aec-4010-b3f8-dacc5ae89b1b","Kawaan","Baker","-",,"WR",,,
"6046e512-69ec-447c-820a-ed8d41f071ff","Keyion","Dixon","-",,"WR",,,
"39efc172-4b42-433d-903d-def23f1ded7e","Khalil","McClain","-",,"WR",,,
"73bab6cf-37ab-4567-b575-8dcaf9f5f6cc","Scooter","Harrington","-",,"TE",,,
"d0051cb9-eeb5-4469-9537-870c645ffa9f","Shaun","Beyer","-",,"TE",,,
"e5ab6674-8289-401f-8df2-2bfa831b47b8","Brady","Davis","-",,"QB",,,
"73705abd-2b00-4942-8ab8-ad3012fc7fbe","Brian","Robinson","-",,"RB",,,
"653c6534-2806-4dca-94af-bae6b48931a8","Ernest","Jones","-",,"RB",,,
"769f8115-84cc-4883-9803-79c80f65d8ba","Tre","Harbison","-",,"RB",,,
"6c22c545-c72b-4164-b214-bb3d65f29f24","Vavae","Malepeai","-",,"RB",,,
"34f13c6c-7498-42b8-a205-dd4ebd841d2e","Peyton","Hendershot","-",,"TE",,,
"b98b44c6-c56a-4aad-bf2e-9c7c6edd2ecf","John","Raine","-",,"TE",,,
"e9caf79e-df5e-495e-8700-cefcc2b9278e","Tim","Jones","-",,"WR",,,
"8afd2952-8feb-4958-a06c-d41715e1d01b","Trevon","Bradford","-",,"WR",,,
"ec7ec88e-c3e4-4c3b-ae35-0da9f2ff32c7","Justin","Henderson","-",,"RB",,,
"eb8ef147-5d2c-4ed9-8f7b-34648b888a0c","Corey","Dauphine","-",,"RB",,,
"4b082205-a645-48c5-a10f-bd03caf15d16","Marshawn","Lynch","-",,"RB",,,
"aa588f57-2fa0-47de-a0f3-e28eb0341294","Riley","Lees","-",,"WR",,,
"eb05907d-20d6-4662-ac75-b709f77a5ae3","Andrew","Luck","-",,"QB",,,
"bad9dab8-98bb-495c-82f6-5fb8840c81c6","Sandon","McCoy","-",,"RB",,,
"ee2410ce-a316-4958-a019-5befe1c52207","Mason","Stokke","-",,"RB",,,
"86169a1e-c277-410e-a07a-86a06561ee8f","Tory","Carter","-",,"RB",,,
"660ab90a-4b57-4511-9a49-964fe148bb83","Johnny","Football","-",,"QB",,,
"f9d042ae-978b-4983-9cba-1f7302766f90","Malik","Taylor","-",,"WR","Green Bay Packers",,
"4a9ba9b7-2835-4657-a6fb-589c92d42403","Brenden","Knox","-",,"RB","Dallas Cowboys",,
"49e7f7a8-4f12-4828-81e7-290cba18a2f4","BJ","Emmons","-",,"RB","Seattle Seahawks",,
"96ecec90-6494-4675-b9b1-e7f7d28091f4","Ryan","Nall","-",,"RB","Chicago Bears",,
"5286d267-f0f3-40f9-8d81-f585590b2b9a","Brandon","Zylstra","-",,"WR","Carolina Panthers",,
"6dfaedf2-1ead-4789-9dda-3142876e1baf","DeMichael","Harris","-",,"WR","Indianapolis Colts",,
"0e98b882-0978-4119-990a-07b903d40902","Dion","Lewis","-",,"RB",,,
"60f5777f-6d0c-4d49-9aa0-a0620a62e9ee","Jeremiah","Haydel","-",,"WR","Los Angeles Rams",,
"bc960529-231e-407d-aebb-3f61a91fe0fc","Osirus","Mitchell","-",,"WR",,,
"94a71640-a0c1-462c-8484-7c9c3e30bcd5","T.J","Vasher","-",,"WR","Dallas Cowboys",,
"9071a69e-d6b5-47de-a33c-8bc867f953a8","Tamorrion","Terry","-",,"WR","Seattle Seahawks",,
"9f2548f5-37db-488a-93b4-098c09f739eb","Zach","Davidson","-",,"TE","Minnesota Vikings",,
"adba833f-e4aa-4911-88d5-fbd6920cab96","Blake","Proehl","-",,"WR","Minnesota Vikings",,
"b69ab8e0-0828-43b9-ba9f-3ce1898bf50e","Garrett","Groshek","-",,"RB","Las Vegas Raiders",,
"a88dcaab-742b-4940-9cab-41ca92def374","Hunter","Bryant","-",,"TE","Detroit Lions",,
"bf967770-4965-4320-9551-ba5b66786d13","Jermar","Jefferson","-",,"RB","Detroit Lions",,
"532deb54-36e5-45c4-a4cc-b87d5f953b34","Feleipe","Franks","-",,"QB","Atlanta Falcons",,
"32374e2f-f65f-431d-937e-7804f9f6bf67","Rakeem","Boyd","-",,"RB","Detroit Lions",,
"088766af-6619-4498-881a-edd706707dc6","Richard","Rodgers","-",,"TE",,,
"5fcbc421-b4a9-4a8c-99a5-45b73fb65b6b","Tre","Nixon","-",,"WR","New England Patriots",,
"6af954af-8913-4e2f-9a9c-15918c77bc89","Sam","Ehlinger","-",,"QB","Indianapolis Colts",,
"99c8973f-b1e8-4aff-8647-85e216e5f9b2","Darvin","Kidsy","-",,"WR","Seattle Seahawks",,
"9cbeb49d-5c66-4931-ab96-974c3d0918b2","Keelan","Doss","-",,"WR","Las Vegas Raiders",,
"f718d41e-e09d-409a-8ac3-7bc06fd755a8","Dez","Bryant","-",,"WR",,,
"fcd61538-91b0-4ccb-a200-b3bb81661fd4","Bryce","Love","-",,"RB",,,
"fd5e6439-f2d9-42ec-a9b3-91e5b3f66eb6","Alex","Tanney","-",,"QB",,,
"b06ef43d-93b6-4289-994f-2ab64a9bc0a7","Matt","Bushman","-",,"TE",,,
"df1c729a-c2ab-4db8-894a-aea2caab4146","Tarik","Black","-",,"WR",,,
"ab462487-e841-49ed-8dbb-888e7cd79921","Jamycal","Hasty","-",,"RB","San Francisco 49ers",,
"3c616560-13db-4977-84c4-dd71c2d2d2d5","Dare","Ogunbowale","-",,"RB","Jacksonville Jaguars",,
"ef9ca4dd-162d-4fe5-b5c4-bdf4fa4beabc","Jordan","Wilkins","-",,"RB","Indianapolis Colts",,
"0cd9ad99-9bcc-4825-abae-e9ba49a7b923","K.J.","Hill","-",,"WR","Los Angeles Chargers",,
"8c531bc6-bfd0-4781-bf87-e0d2650d6d22","Chris","Streveler","-",,"QB","Arizona Cardinals",,
"7f4b763f-18c6-4b9a-9f93-7bcf6f2af583","Ja'Marcus","Bradley","-",,"WR","Cleveland Browns",,
"601a9f6b-910e-45d6-a9f0-cf125e173ca9","Reggie","Gilliam","-",,"TE","Buffalo Bills",,
"f24dbf63-ac63-42b1-8dfc-4733dd5514bd","Theo","Riddick","-",,"RB","Las Vegas Raiders",,
"72df26be-b50e-4461-8529-16769265038c","Joe","Reed","-",,"WR","Los Angeles Chargers",,
"edcc213b-f410-4fe7-9109-28e13f1ca4e4","Jonathan","Ward","-",,"RB","Arizona Cardinals",,
"b818f06d-bfff-4337-a745-3c2f02b05925","Jaydon","Mickens","-",,"WR","Tampa Bay Buccaneers",,
"bdc47d68-2d95-4129-a252-537d139ce385","Nick","Keizer","-",,"TE","Kansas City Chiefs",,
"d1a76e76-c92f-4156-9ebf-8a2154c4f5e6","Tyrie","Cleveland","-",,"WR","Denver Broncos",,
"6ef67851-6541-407f-90e6-5b68976fdd86","Trace","McSorley","-",,"QB","Baltimore Ravens",,
"c27e1651-000c-4a39-a0ef-f30856a0e57c","Artavis","Pierce","-",,"RB","Chicago Bears",,
"1d5fd023-4bcc-4c25-a02e-c6e2b5de0311","Dominique","Dafney","-",,"TE","Green Bay Packers",,
"69005cbb-3f5e-4cf1-be8b-f5f8a0452c7e","Luke","Stocker","-",,"TE","Atlanta Falcons",,
"3876132f-d39f-4748-852b-152227e5bf47","Damion","Ratley","-",,"WR","Detroit Lions",,
"4432bfd5-f999-4008-afa0-771f2fcd1daa","Cethan","Carter","-",,"TE","Miami Dolphins",,
"9f48c3d9-9ddc-4ecd-8b29-0e3b2de8413c","Isaiah","Wright","-",,"WR","Washington Football Team",,
"5ecd8848-e516-475c-92ce-c5e6274cdb67","Troy","Fumagalli","-",,"TE","Denver Broncos",,
"f2d08f22-5411-4e96-af68-fffa6a2d17a5","Jeff","Smith","-",,"WR","NY Jets",,
"a12c1217-1174-4cd5-a7ea-45786acbe442","John","Hightower","-",,"WR","Philadelphia Eagles",,
"16d02e02-ba60-41e6-b354-f0a2c828110d","C.J.","Ham","-",,"RB","Minnesota Vikings",,
"927753c6-aeb1-4614-be86-2af43fba6eda","Christian","Blake","-",,"WR","Atlanta Falcons",,
"01afa328-6505-43a5-9441-8782bfc77e79","Ameer","Abdullah","-",,"RB","Minnesota Vikings",,
"2c101055-40f1-4c9c-bf28-2de77b99f279","Laquon","Treadwell","-",,"WR","Atlanta Falcons",,
"8825ad56-aa27-46b9-92af-4e3ccd6b4563","Zay","Jones","-",,"WR","Las Vegas Raiders",,
"64df1533-b87b-4faa-b5d2-77c5c0fd15e0","Jeff","Driskel","-",,"QB","Denver Broncos",,
"4afeec91-680a-4780-9cfb-f61965819661","Chris","Hogan","-",,"WR",,,
"a542de85-1ace-4dbe-b826-0e14303ea902","Jesse","James","-",,"TE",,,
"b19abde4-fe18-4d16-9520-0f1ca10af868","Marcus","Johnson","-",,"WR","Tennessee Titans",,
"bc1de0da-75bf-4832-8d03-279e730682ee","Ryan","Finley","-",,"QB","Houston Texans",,
"6dfd6a00-7982-48f7-bbf7-f5f3ee9b8b2a","Brandon","Powell","-",,"WR","Buffalo Bills",,
"3ba1f21b-ba5a-4a0a-8806-636033f12b89","Gabe","Nabers","-",,"RB","Los Angeles Chargers",,
"54543382-1ceb-4610-9c59-32994ffbe7f0","Chad","Hansen","-",,"WR",,,
"561754f2-3822-40a6-9689-0d35d12c69e9","Amara","Darboh","-",,"WR",,,
"57f6a2ae-c2b7-4e64-abb6-91c94bd00c2b","J'Mon","Moore","-",,"WR",,,
"58dcdd55-daaa-4fe3-97ce-402a0a3c941f","Darren","Fells","-",,"TE",,,
"64d50a3b-af54-4c69-9d54-dad784be1975","Dwayne","Harris","-",,"WR",,,
"6873e905-7678-4233-8b60-d0ea16e32f83","Deontay","Burnett","-",,"WR",,,
"6cc111af-f65b-4cfb-baf7-ff5e6829a044","Chad","Williams","-",,"WR",,,
"6ec3f700-38b4-485c-9c49-950085286c93","Greg","Olsen","-",,"TE",,,
"6eddccc2-76b6-415e-8ebe-e4fa12618fc8","Jordan","Ta'amu","-",,"QB",,,
"71a89908-072e-4ff1-8c25-a489d64f1339","Devonta","Freeman","-",,"RB",,,
"774b2f49-6a6c-4449-89b5-e634e57117b3","Craig","Reynolds","-",,"RB",,,
"775828b3-fd1a-4d3f-9285-ae3e383114a0","Julian","Edelman","-",,"WR",,,
"79e577be-51d3-465f-b287-b63a418569e2","Philip","Rivers","-",,"QB",,,
"7ab198d0-1e0f-4cf5-9088-892fd1ec0303","Ito","Smith","-",,"RB",,,
"8231f937-5f11-49d5-a710-6da5ded40d41","Hale","Hentges","-",,"TE",,,
"84057aad-fab2-4787-9731-57ff387f050b","Michael","Warren","-",,"RB",,,
"8bd8c1a3-e06c-447e-a357-bcb5a6070bbb","Larry","Fitzgerald","-",,"WR",,,
"8cf95247-29e3-488a-95b0-38922f331c06","Damiere","Byrd","-",,"WR",,,
"8db509ce-b8f1-4485-8ed8-6759bd141d47","Drew","Stanton","-",,"QB",,,
"983a2e12-a1a0-4187-8a15-850528a2280a","Josh","McCown","-",,"QB",,,
"99027bec-b377-41e5-bbc1-84b2a7c879b1","Jason","Vander Laan","-",,"TE",,,
"9b3fe660-d81c-4117-8d9b-a97dac37b09c","T.J.","Logan","-",,"RB",,,
"9b9c045a-1a5a-4f66-a060-4ab6f0506315","Kenny","Stills","-",,"WR",,,
"9c352ea0-66fd-40a0-a8d2-691569277218","Cole","Wick","-",,"TE",,,
"9eae632b-043b-43c1-8fd5-63648a4cb815","Danny","Amendola","-",,"WR",,,
"a20a34eb-7ec3-4928-a5f2-f27659ddd162","DeAndre","Washington","-",,"RB",,,
"a37af77d-271c-48e1-8441-9ef535de6b11","Matt","Barkley","-",,"QB",,,
"a553d95b-b82d-4d21-a615-499a8c30f34b","Marqise","Lee","-",,"WR",,,
"a5b4aaf1-7611-42bf-b52e-19f258ffefc8","Taywan","Taylor","-",,"WR",,,
"a6a0462e-5d21-416a-a468-85c5d31fafca","Da'Mari","Scott","-",,"WR",,,
"a6d44e18-0240-4775-a6ca-70e5292354ab","Alex","Smith","-",,"QB",,,
"aaed8503-63b1-42cf-a72a-9d01dbb3cf16","Kyle","Sloter","-",,"QB",,,
"afc1d8dd-c784-4b65-bb91-23fc6aee11d5","Nick","Mullens","-",,"QB",,,
"b3e50fc6-a40f-459b-9f9e-75175e857222","Golden","Tate","-",,"WR",,,
"b6486057-bf1a-43aa-8b75-ead35d4b1c7c","Jordan","Reed","-",,"TE",,,
"b9ab28f8-18d5-49ba-b195-b9a792308dd1","Anthony","Sherman","-",,"RB",,,
"bbfc8072-4328-4536-a873-1bf74da596eb","Drew","Brees","-",,"QB",,,
"bc2acf8d-d5fa-453a-bf21-e5a04bce7da8","Kurt","Benkert","-",,"QB",,,
"bfde6e76-a27d-4e7e-b02f-9675adfabba4","Nick","O'Leary","-",,"TE",,,
"c076d6db-04bd-4e06-9907-da51c992a360","Frank","Gore","-",,"RB",,,
"c4ee0ef7-10c2-45ee-9570-b4ed9cc5a849","Alfred","Morris","-",,"RB",,,
"cabfdc17-9333-4752-93a9-dc1303c06cd2","Quincy","Adeboyejo","-",,"WR",,,
"cde5f525-bf4c-46ef-8dcc-926787fb8c6d","Bennie","Fowler","-",,"WR",,,
"cde668ff-7dd7-4c59-983c-ac4e21b2aa1d","Brian","Hoyer","-",,"QB",,,
"ceedd1f7-dd29-4caa-bed4-347600550743","Cody","Core","-",,"WR",,,
"d08ea15c-c4a1-4cec-a7ab-7dd8965c13eb","Jamize","Olawale","-",,"RB",,,
"d097025e-b290-45ad-ac1f-0e853d165349","Chase","Harrell","-",,"TE",,,
"d321b2de-0dac-464f-8ca9-31f07b383365","Corey","Clement","-",,"RB",,,
"d92d977c-55dd-419a-a5ff-95868d9a741e","Marvin","Hall","-",,"WR",,,
"de3dac2b-86ca-41f2-83d7-094ee9ec6af2","Trent","Taylor","-",,"WR",,,
"e9a43f55-a46d-4a33-ba7a-bea091cbf44a","Josh","Gordon","-",,"WR",,,
"e9b42393-c54c-4199-867a-c96ba4b781e0","LeSean","McCoy","-",,"RB",,,
"ed152246-41d5-465b-89cd-8f550d6cc5e4","Pharoh","Cooper","-",,"WR",,,
"ef57c9ce-f59c-4a8b-89e1-cc93e504f8be","Jason","Witten","-",,"TE",,,
"f3162955-33fd-491f-a1e7-da38f599274b","Javon","Leake","-",,"RB",,,
"603f8b79-ab33-4161-86ec-4a4c4da559c1","Kevin","White","-",,"WR","San Francisco 49ers",,
"f6f46315-30ec-4f75-921a-b7f814100227","Antoine","Wesley","-",,"WR",,,
"3a4a97e5-cb69-4dab-ade2-500f8c7d0ae5","Joe","Webb","-",,"QB","NY Giants",,
"c8345d90-c76a-4520-bbd2-bcf5ff5d1f63","Paul","Perkins","-",,"RB","Indianapolis Colts",,
"9169ab93-b4b5-4dcd-8a84-3f061b4ac7f3","Jerell","Adams","-",,"TE",,,
"777d9532-d512-45db-ad86-1709eac0fd8c","Josh","Bellamy","-",,"WR",,,
"f5e30e57-c089-45fa-9c6e-5e4a1368d496","Jared","Pinkney","-",,"TE","Tennessee Titans",,
"7ef21029-1823-44d7-a73d-6e7d508e2535","Josh","Rosen","-",,"QB","San Francisco 49ers",,
"340704a1-4f82-4780-9965-06cded85f5ac","Jake","Rudock","-",,"QB","Miami Dolphins",,
"5bc35c80-7f66-45dc-a5ff-176eee0e55a2","A.J.","Richardson","-",,"WR","Arizona Cardinals",,
"30a668bf-a665-42e8-be56-02dc79662c63","Travis","Benjamin","-",,"WR","San Francisco 49ers",,
"61b5fc0f-4430-42fd-905f-612f29487751","Ethan","Wolf","-",,"TE","New Orleans Saints",,
"d18f49a7-8ae8-4fd9-978f-9abb1743987f","Will","Grier","-",,"QB","Carolina Panthers",,
"56435921-7b7c-42c2-b0c5-0e3e5efa3082","Kristian","Wilkerson","-",,"WR","New England Patriots",,
"1bfeec10-1847-45fa-a8f5-0f21f89d46e4","Jeff","Heuerman","-",,"TE",,,
"112273f8-7cc0-49a8-81bc-90154f84f7da","Alex","Bachman","-",,"WR","NY Giants",,
"28fd4343-e8da-4d37-a31a-2834b873e4d3","Darius","Jackson","-",,"RB",,,
"e6ec576b-bb3d-402a-a7c8-69c58b12b8e6","Robert","Davis","-",,"WR",,,
"05511ce8-a0db-494a-a04d-2674f312210c","Austin","Fort","-",,"TE","Denver Broncos",,
"ae260287-569d-4c59-add3-400c68420c3d","Omar","Bayless","-",,"WR","Carolina Panthers",,
"ae91546f-1043-42b8-b7fa-2a4a1ee054ba","Taylor","Gabriel","-",,"WR",,,
"4c11d00c-e18b-4bf0-ad7b-bb47f1ea3b49","Davis","Webb","-",,"QB","Buffalo Bills",,
"effab435-c644-445e-9058-6d69fcde0b5a","Josh","Hokit","-",,"RB","San Francisco 49ers",,
"13dd1191-be3b-4d43-9a33-9605efe3d233","Chris","Finke","-",,"WR",,,
"b6202475-a4e0-4c99-8689-e5c7ca08d4ce","Darius","Anderson","-",,"RB","Indianapolis Colts",,
"77d65315-d37d-4650-b00e-359ed15c0925","Karan","Higdon","-",,"RB",,,
"817ff4db-25de-4bc3-96e5-4f5d642b2588","Kyle","Markway","-",,"TE","Cleveland Browns",,
"697e09d0-77c3-4a1f-b45d-21cc3fd8339f","Colin","Kaepernick","-",,"QB",,,
"2826f218-5f91-4960-8571-0fd13be189a5","De'Mornay","Pierson-El","-",,"WR",,,
"8b809f54-e8a4-4d24-9716-03cda21b9c8a","Binjimen","Victor","-",,"WR","Baltimore Ravens",,
"8aa1e5ec-c29a-4745-ad8c-2e5ae8a9dad9","Tom","Kennedy","-",,"WR","Detroit Lions",,
"5659cf3d-b207-4aa4-b097-027bc15ccf07","Marken","Michel","-",,"WR","Carolina Panthers",,
"233a76dc-f6ce-485e-ad3f-6a8862ff934c","Deon","Cain","-",,"WR","Baltimore Ravens",,
"1a173b8d-254f-4b11-936f-58c851931dff","Aca'Cedric","Ware","-",,"RB",,,
"eede9dbf-0759-460d-8ad1-fe20dfb18041","Josh","Ferguson","-",,"RB",,,
"5ac13bac-d625-4084-9cce-369c126ade63","Geremy","Davis","-",,"WR",,,
"6d2dfef0-8dd9-424d-bd4d-0ee9240546c2","Cyril","Grayson","-",,"WR","Tampa Bay Buccaneers",,
"611703a5-773e-4f38-bf65-d23bda3bcf59","Rico","Gafford","-",,"WR","Arizona Cardinals",,
"d1753558-9585-476e-b3f7-70b36f0b1c5d","Kyle","Shurmur","-",,"QB","Cincinnati Bengals",,
"06224b9e-9f31-4087-96d4-8a3bb14748f7","Jacob","Breeland","-",,"TE","Baltimore Ravens",,
"b7342b10-041b-4a93-8c72-babee13abf1a","Spencer","Ware","-",,"RB",,,
"de6dc31b-8e08-4429-9fda-d2c8552f7a06","Kyle","Lauletta","-",,"QB","Cleveland Browns",,
"0bdc131c-7411-42e1-a15b-4777aa59aacb","Stephen","Guidry","-",,"WR","Dallas Cowboys",,
"8a2e61d0-c5dc-4a75-8e88-7c23a4b04187","Noah","Togiai","-",,"TE","Indianapolis Colts",,
"69d07255-7588-4e76-bde0-b471516b23f0","Kirk","Merritt","-",,"WR","Miami Dolphins",,
"86e84277-04c7-403b-be27-db226c85264b","Charles","Jones","-",,"TE","Pittsburgh Steelers",,
"e8dbc799-67bc-4eec-a69c-3b0b7e0d9a6d","John","Hurst","-",,"WR","Los Angeles Chargers",,
"ea086f03-fa63-45ce-aaf0-c40cc9281f36","Josh","Oliver","-",,"TE","Baltimore Ravens",,
"fbc7e030-5670-4345-8923-af61dddc3c39","Daniel","Helm","-",,"TE","San Francisco 49ers",,
"c12afec2-7355-4db7-a5a3-590d29ae1236","Juwan","Green","-",,"WR","Atlanta Falcons",,
"d115174c-7c7d-4528-bdd5-741a65eb0db2","Damion","Willis","-",,"WR","Jacksonville Jaguars",,
"065bd0ad-f4ef-4274-afe8-0a72306f094b","Chris","Lacy","-",,"WR",,,
"ba6c65a3-60c2-4dc8-97d5-dcbb6a060451","Brady","White","-",,"QB",,,
"e3165c8c-f217-472e-81a7-751ff6263318","Kevin","Thomson","-",,"QB",,,
"67aa4e72-48d0-440a-846a-fcc4715c633a","Peyton","Ramsey","-",,"QB",,,
"01172dfd-12a1-41ea-a222-933d20620214","Zac","Thomas","-",,"QB",,,
"e5bc62b1-cd61-4b04-8b82-de795deb0055","Zach","Smith","-",,"QB",,,
"f27c72df-7481-4f92-a0ed-c1170bd4c08a","Bryson","Denley","-",,"RB",,,
"e4a29004-dfe7-498e-8de8-6bbd1fa64ab2","CJ","Marable","-",,"RB",,,
"d03a9775-ab25-497e-ad47-82f18096b558","Caleb","Huntley","-",,"RB",,,
"9c53833c-5ffb-4a79-a026-d63a7df514d8","Corey","Taylor","-",,"RB",,,
"6183afb9-2b99-45fb-b886-0dba5bd31e2c","Dedrick","Mills","-",,"RB",,,
"2fb3cba0-2d03-433f-974a-8306dced1aa9","Deon","Jackson","-",,"RB",,,
"ccefff7e-3463-4c21-ab3f-865325e6a5d0","Greg","McCrae","-",,"RB",,,
"b07bf81b-e21b-4b7d-8907-433c35525a7c","Harry","Trotter","-",,"RB",,,
"08115866-699c-4bf4-82fb-77e9a981f11a","Israel","Tucker","-",,"RB",,,
"25c0d7bc-4e8c-47a7-971e-57cfe684d918","JaQuan","Hardy","-",,"RB",,,
"92a5cb00-c662-4f92-8729-ed2879f8415a","Mekhi","Sargent","-",,"RB",,,
"6056eb68-1d1d-4276-a6d7-27599e091c5c","Myles","Fells","-",,"RB",,,
"1bca2144-8b92-4e23-b337-2782bca12933","Otis","Anderson","-",,"RB",,,
"f10892d0-b687-4ab6-905f-f580ae33cf0f","Shane","Simpson","-",,"RB",,,
"875c1e4b-4fe2-4148-aa87-c69be2f9d3eb","Spencer","Brown","-",,"RB",,,
"ff9b1518-bd0f-4865-9475-5a55e8c5bb48","Stevie","Scott","-",,"RB",,,
"4439d242-a2d2-4686-8f79-0aa9f25e6054","Adam","Krumholz","-",,"WR",,,
"a19eaa44-2c2d-4235-9d76-3a030eb72331","Adrian","Hardy","-",,"WR",,,
"cdd2a2b3-81e2-4a28-9122-e7a0251833a1","Antonio","Nunn","-",,"WR",,,
"4beb6992-2a98-4244-bed8-37f680a07456","Brock","Wright","-",,"TE",,,
"63b3467a-d766-4543-949f-a980c9827d91","Carson","Williams","-",,"TE",,,
"986ea4a4-f8ab-4b47-9136-62f02e12861d","Tristen","Wallace","-",,"WR",,,
"79889902-47eb-4d1b-8a7c-0e7cb4718e1f","TJ","Simmons","-",,"WR",,,
"af5fbbfc-b050-44fc-a1df-f78a34d5fc46","Austin","Trammell","-",,"WR",,,
"e2eab5de-fb28-48b5-b002-cb7d73e24821","Tony","Romo","-",,"QB",,,
"287fe801-af3e-46d3-9e54-8589df14bfb7","Cade","Johnson","-",,"WR","Seattle Seahawks",,
"2647e1ec-d516-4def-ae73-88e6e3e9e097","Jonathan","Adams","-",,"WR","Detroit Lions",,
"2c0eb9c8-3985-409d-9aa0-8d26f69ab669","Ben","Skowronek","-",,"WR","Los Angeles Rams",,
"24e64c62-ce2c-43bb-b168-19c4ba6605ec","Kylen","Granson","-",,"TE","Indianapolis Colts",,
"24bb939e-7f80-4c78-9bc6-df38dd8c1514","Ray","McMath","-",,"WR","Tennessee Titans",,
"f2231ed3-6a67-480d-b9e9-52e96f5f8e0f","Marquez","Stevenson","-",,"WR","Buffalo Bills",,
"fa7e58da-1eb7-4276-801a-e84fc9a1af82","Demetric","Felton","-",,"WR","Cleveland Browns",,
"d66e485a-1032-44b8-aeef-5327e91c1ade","Ian","Book","-",,"QB","New Orleans Saints",,
"e48e6471-5045-467f-944a-3692f2f6f739","Whop","Philyor","-",,"WR","Minnesota Vikings",,
"cc6c6312-e04a-4653-bab6-cb29cff7d0c9","Austin","Watkins","-",,"WR","San Francisco 49ers",,
"eb826824-8a12-48dd-8442-8191721ffffa","Warren","Jackson","-",,"WR","Denver Broncos",,
"caece5f0-022e-46b2-b8cc-bb04fb0ff898","Dax","Milne","-",,"WR","Washington Football Team",,
"e2756c03-d718-4f73-a507-3836bb9c8175","Pro","Wells","-",,"TE","Cincinnati Bengals",,
"df4cfe95-25cf-4faa-8333-0913ff40282c","Josh","Imatorbhebhe","-",,"WR","Jacksonville Jaguars",,
"e4619e38-33d6-41ce-948b-2b528e43f7ee","Rico","Bussey","-",,"WR","Pittsburgh Steelers",,
"1cd990d0-2b4d-40db-a3e9-a1b84b2c9854","Blaine","Gabbert","-",,"QB",,,
"2a7ae03e-7071-46b3-9317-c68303e4ba95","Virgil","Green","-",,"TE",,,
"32f2fe7f-56b3-485b-9b3f-d1736f61ada4","Fred","Brown","-",,"WR",,,
"3325ca94-4e81-471d-a0eb-7df3aa3ec8e3","John","Lovett","-",,"QB",,,
"336673c7-3df8-4f92-ac7e-3d0f7393e8d6","DeAndrew","White","-",,"WR",,,
"461079d4-46c4-4178-b865-42cdae7c43fa","Vance","McDonald","-",,"TE",,,
"4ad14b57-c478-4737-8955-5fbda5778749","T.J.","Yeldon","-",,"RB",,,
"4ddf56aa-0524-4324-80f6-3135d3562531","Steven","Mitchell","-",,"WR",,,
"519a1c47-ee91-4a44-a035-df4d9cb80ea7","Demetrius","Harris","-",,"TE",,,
"dc2f1939-46c4-4d90-9b2e-26252a87dca1","Jake","Luton","-",,"QB","Jacksonville Jaguars",,
"ec571c6d-5364-4496-b512-b4623602bcdd","C.J.","Beathard","-",,"QB","Jacksonville Jaguars",,
"04ea0e80-5ef3-4461-a394-f9301ced3ca6","Steven","Sims","-",,"WR","Washington Football Team",,
"d4466e4a-e736-44d3-baf2-36d7c49d9b9a","Pharaoh","Brown","-",,"TE","Houston Texans",,
"2c8e7187-48b5-487d-9c5a-27632f406dbc","Duke","Johnson","-",,"RB",,,
"345fa5f2-de67-4892-9363-967d57529f63","Zaire","Mitchell","-",,"TE",,,
"553fa33e-7e68-49ff-aa82-85e15ee1a589","Nick","Eubanks","-",,"TE",,,
"33856550-b879-4b02-9772-0680592b0219","Trae","Berry","-",,"TE",,,
"430b8190-61ed-4d44-b921-df84cc11c582","Tony","Poljan","-",,"TE",,,
"0a486f82-07c3-4225-8cdf-864e33a4650f","Javon","McKinley","-",,"WR",,,
"96891f02-9295-4671-bb57-c8e013fb32b3","Quintin","Morris","-",,"TE",,,
"46843b60-9ee4-4d53-b82d-88c84a66f7e1","Dontrelle","Inman","-",,"WR","Washington Football Team",,
"58e61e5f-2130-4755-a6c7-4e4983cd1fef","Bo","Scarbrough","-",,"RB","Seattle Seahawks",,
"d2d875e3-563c-4364-ba9b-5951f0b214c7","Alex","Armah","-",,"RB","New Orleans Saints",,
"ef47ead3-7a3f-4719-86b2-068f0c8861f5","Cullen","Gillaspia","-",,"RB","NY Giants",,
"0fa4880e-9cff-49fe-a9c9-2475a81fdfa1","Chris","Moore","-",,"WR","Houston Texans",,
"651c358b-bad9-476f-90eb-430563c77001","Sean","Culkin","-",,"TE","Kansas City Chiefs",,
"830489d8-b74b-42a9-814e-9d2236acaf75","Jon'Vea","Johnson","-",,"WR","Jacksonville Jaguars",,
"963a2e18-7bed-4b79-b07c-75c0ada73903","Tim","Boyle","-",,"QB","Detroit Lions",,
"8de275a1-2f09-4cf0-998b-5eda6195493e","Alex","Collins","-",,"RB","Seattle Seahawks",,
"38785f99-b025-4f6d-993a-fc83141d2fd2","Michael","Walker","-",,"WR","Jacksonville Jaguars",,
"0b80fe51-b87b-42d4-ad2c-98b24b8e98d7","Kenjon","Barner","-",,"RB",,,
"0129bf1b-a3dc-4cbb-8e7a-ed587d0e4e5a","Stephen","Sullivan","-",,"TE","Carolina Panthers",,
"e1952b89-c438-4f25-a8f2-b4e1d72aa4cb","Johnny","Holton","-",,"WR",,,
"b69f3e09-6dd5-4363-90c9-1b75ff365811","Dan","Vitale","-",,"RB","New England Patriots",,
"340877b6-d184-4c05-aa7e-1998ea178709","Jesper","Horsted","-",,"TE","Chicago Bears",,
"31cf9b73-ce87-48d3-95a5-e1be7a49ff70","Cole","Hikutini","-",,"TE","NY Giants",,
"c8e12f39-5473-4bf5-be8c-a7e44b98dce7","Derrick","Gore","-",,"RB","Kansas City Chiefs",,
"a1e081b0-2ef1-4f99-81bc-1372fa1c0340","Tavien","Feaster","-",,"RB","Arizona Cardinals",,
"6cce1cc7-c8e3-4d64-853d-bf2e04346b7c","Wendell","Smallwood","-",,"RB","Pittsburgh Steelers",,
"1c8b68ce-addc-42e3-9d61-3605a7800635","Emanuel","Hall","-",,"WR",,,
"3286f9d3-ebda-41e7-ba91-5e58f814688f","Stanley","Morgan","-",,"WR","Cincinnati Bengals",,
"1e599778-868c-4eca-89e4-e11b40993fcf","Eric","Tomlinson","-",,"TE","Baltimore Ravens",,
"8e71e77c-55fd-4bf3-9a3f-365c88cbcb88","Dan","Chisena","-",,"WR","Minnesota Vikings",,
"2a77c409-d731-4765-9ea7-b84b8a43e235","Andrew","Beck","-",,"TE","Denver Broncos",,
"bde5fdf2-d846-4abb-b8fd-b58d811c1488","Brett","Hundley","-",,"QB","Arizona Cardinals",,
"50593147-abd4-43e2-a201-3dc05da5b143","Trishton","Jackson","-",,"WR","Los Angeles Rams",,
"cebafdd0-ae78-4efa-aaa7-350831bbfd70","Kevin","Rader","-",,"TE","Pittsburgh Steelers",,
"954565a1-0e56-4ad8-b5fc-36ce54fa472d","Xavier","Jones","-",,"RB","Los Angeles Rams",,
"8c5c41c1-4170-476d-9b3b-49a7ae421237","Dezmon","Patmon","-",,"WR","Indianapolis Colts",,
"f23efe73-3f38-476d-a951-29f806d8761e","Carson","Meier","-",,"TE",,,
"525d6d33-bfb0-468f-a41d-c27d4a03ba9d","Geronimo","Allison","-",,"WR","Detroit Lions",,
"f6bbdc85-bac6-4a2d-a0b9-5781c5bef6c1","Sean","Mannion","-",,"QB","Minnesota Vikings",,
"040d4dc5-81cd-48c4-b1ed-3dae88544990","Nathan","Cottrell","-",,"RB","Jacksonville Jaguars",,
"a6f42af3-6630-4ec6-bf0c-6be0ab8fe272","Jeff","Badet","-",,"WR","Washington Football Team",,
"45e1757a-a6a7-4cd8-aed3-ddb3c4bd42f4","Jason","Moore","-",,"WR","Los Angeles Chargers",,
"abfa7a1e-bcbc-4c29-9081-d5086559a277","Clive","Walford","-",,"TE",,,
"2be91ad1-5483-44ac-a4e3-40104608bfc9","K.J.","Osborn","-",,"WR","Minnesota Vikings",,
"bd5e70b8-a830-4859-9ecc-c995f5b7fea6","Trevor","Siemian","-",,"QB","New Orleans Saints",,
"784a62db-aa0e-4d84-b807-dd86b3ad73f0","Wes","Hills","-",,"RB",,,
"6e159790-1448-42b3-8c5f-14daff48e6c3","Travis","Jonsen","-",,"WR","Tampa Bay Buccaneers",,
"4659313c-b747-4cd7-bb3a-28a35ca6d8b4","Matt","Moore","-",,"QB","Kansas City Chiefs",,
"d9eca74f-080a-47b5-88d8-0eb4b8e53788","Jeremy","Cox","-",,"RB","Denver Broncos",,
"609e7387-be96-4655-b6ed-daab10fe6f09","Austin","Proehl","-",,"WR","San Francisco 49ers",,
"7d4177d3-45a7-4b36-884b-83fe8b201fd8","David","Fales","-",,"QB",,,
"71aa8022-47af-485b-a05f-4b35b572adcc","Jordan","Veasy","-",,"WR",,,
"4d6f779d-56ec-45ef-921e-f6ac666c9387","Ryan","Switzer","-",,"WR","Cleveland Browns",,
"847a0b78-cec1-4c77-9f0a-d2d9ab14a0f0","Rashod","Berry","-",,"TE","New England Patriots",,
"69b746e8-567e-4b6c-92fc-dd2722c1aa01","Mason","Schreck","-",,"TE","Cincinnati Bengals",,
"f35385b6-298d-4000-915b-b6beeabb236e","Tyler","Davis","-",,"TE","Jacksonville Jaguars",,
"e130c817-04b9-40f7-915e-350ff9945d4e","Clayton","Thorson","-",,"QB","NY Giants",,
"aea72dc5-bb09-48e0-8162-2378305ec408","J.P.","Holtz","-",,"TE","Chicago Bears",,
"051bd824-b6da-4de6-a705-96afb8763499","Nick","Bawden","-",,"RB","Detroit Lions",,
"ddd21197-f479-462c-b143-96e909307f8d","Jauan","Jennings","-",,"WR","San Francisco 49ers",,
"bd9b14e4-4d5b-4987-bead-38e2ca4ae5f9","Easton","Stick","-",,"QB","Los Angeles Chargers",,
"ee244d8e-4dd6-488f-b851-3250718e6e5d","Kendall","Hinton","-",,"WR","Denver Broncos",,
"89810dbb-4322-40a4-bd9c-b1f5e570cf99","Nsimba","Webster","-",,"WR","Los Angeles Rams",,
"df53b535-0b19-408c-92df-7632bdaaaec7","J.J.","Nelson","-",,"WR","Indianapolis Colts",,
"aafef77a-215e-4a5a-b431-8e8d25231d32","Adrian","Killins","-",,"RB","Philadelphia Eagles",,
"09d84f58-50d5-4c4b-8f58-d8a05d2ff654","Antony","Auclair","-",,"TE","Houston Texans",,
"774e35c3-e6f5-4ed1-ac0a-7a86482b0df0","Nate","Sudfeld","-",,"QB","San Francisco 49ers",,
"2497ea59-ec99-48dc-808e-a94516db4803","DeAndre","Carter","-",,"WR","Washington Football Team",,
"cb1309af-8133-4382-a60e-9b20686cffed","Sandro","Platzgummer","-",,"RB","NY Giants",,
"0f1b6bd5-f31a-42b0-b835-335bb59b4dd0","Ross","Travis","-",,"TE",,,
"e0cedc94-1408-4168-af3b-11f160b366bf","Branden","Mack","-",,"WR",,,
"90ceb5e6-0b4a-4d3f-bd55-f227299dde14","Damonte","Coxie","-",,"WR",,,
"b089ecfc-c815-444a-8b86-52c40ef74a0f","Eli","Stove","-",,"WR",,,
"a0631d0f-c537-4d2e-a3c8-9374299c7bc3","Marlon","Williams","-",,"WR",,,
"d2367e1e-981a-46e6-b99e-7c1675ad103b","Myron","Mitchell","-",,"WR",,,
"7519a532-d414-4384-9cb5-cf61467d16da","Racey","McMath","-",,"WR",,,
"fb2cec70-30bf-4d69-930c-ba3c6f9ca5da","Ramaud","Chiaokhlao-Bowman","-",,"WR",,,
"77fc6bb8-a27b-4922-985e-00c250097dd5","Terrell","Jana","-",,"WR",,,
"d43358e0-be40-47fd-8533-4fbc8f56b3ab","Tre","Walker","-",,"WR",,,
"60e3a963-552e-42b7-9934-1de2e14efe1f","Artayvious","Lynn","-",,"TE",,,
"7357c7f8-b350-4a32-9a6b-a5352e63475e","Brant","Kuithe","-",,"TE",,,
"116d439c-6e61-40c2-a301-e43d6c275a82","Briley","Moore","-",,"TE",,,
"048d9c08-13c4-450a-a927-6c131dd6c6e3","Carl","Tucker","-",,"TE",,,
"7ada4852-94a5-49fc-94e2-b04d79ac9a74","Dylan","Soehner","-",,"TE",,,
"08891512-1d49-455e-afd4-023b2ac9ffca","Hunter","Kampmoyer","-",,"TE",,,
"154a1c83-10e6-45de-9c91-4553866d337e","Jack","Stoll","-",,"TE",,,
"4b8f423e-aab9-4157-8e7b-b18aaa99a2e0","Jamal","Jones","-",,"RB",,,
"1f98f1e7-a013-491a-b990-5915283f89e2","Kyle","Porter","-",,"RB",,,
"0bb085a2-9a7b-490d-955a-de783c716e32","Shakif","Seymour","-",,"RB",,,
"00b1eb6a-260c-45ef-a449-c0a9dba24a45","Nate","McCrary","-",,"RB",,,
"f1b1a933-f044-43cd-8abf-ed318809edf9","Odunayo","Seriki","-",,"RB",,,
"3ca45660-c560-45b5-b075-32bcf73ad17e","Dai'Jean","Dixon","-",,"WR",,,
"950e11e1-11fc-4de6-91ef-2ade9c15cdff","KJ","Stepherson","-",,"WR",,,
"3728da74-d9d3-4af2-ac91-29be37381cf4","Bailey","Gaither","-",,"WR",,,
"3d042dec-abea-48d5-8346-2c2692bcaf95","Ben","Mason","-",,"RB",,,
"21ea0d47-cc1d-4b83-8967-2b3981d02773","Shi","Smith","-",,"WR","Carolina Panthers",,
"efd6c399-483f-4193-a03c-8eab23820475","Scotty","Washington","-",,"WR","Cincinnati Bengals",,
"189cf1c1-8545-4e33-b890-da23911393ed","Trey","Ragas","-",,"RB","Las Vegas Raiders",,
"19419a6b-9889-47fc-9c23-e1fb415d9114","Dillon","Stoner","-",,"WR","Las Vegas Raiders",,
"14a6045d-6e34-44c2-aed2-4a6e0747e93b","Cary","Angeline","-",,"TE","Arizona Cardinals",,
"1323af8f-8b72-4d5f-ace2-3a3f49dd04c8","Miller","Forristall","-",,"TE","Tennessee Titans",,
"daacee03-f6f6-46d0-a30f-258106f90b27","Luke","Farrell","-",,"TE","Minnesota Twins",,
"63593a7b-2806-4db5-bff5-b44122d0e66e","Collin","Hill","-",,"QB",,,
"900b6af7-9a61-4085-99e7-d17ed23191d3","John","Franklin","-",,"WR","Tampa Bay Buccaneers",,
"8267ecd1-678b-4bc0-b370-f3eeef2179df","Josh","Pederson","-",,"TE","San Francisco 49ers",,
"829eb7f6-2561-470e-b77c-d8da64e03db6","Shane","Buechele","-",,"QB","Kansas City Chiefs",,
"63ad5eaa-5183-4088-abfb-3cc07690d026","Sage","Surratt","-",,"WR","Detroit Lions",,
"f351d38f-c5c7-4db2-839c-7c9010b293e0","Cody","White","-",,"WR","Pittsburgh Steelers",,
"7ca5631c-a494-4aec-91fc-ed43e1e04d18","Jhamon","Ausbon","-",,"WR","Philadelphia Eagles",,
"a33c5a17-8caa-4f16-9178-23271de4cc88","JoJo","Ward","-",,"WR","Arizona Cardinals",,
"89375e91-6e78-4613-824d-5630411f34c1","Reggie","Davis","-",,"WR","Chicago Bears",,
"7d32dc7f-fbae-4997-9bc4-65e3889d9368","Mitchell","Wilcox","-",,"TE","Cincinnati Bengals",,
"e5e32043-82a4-439f-a950-6e85aff6c44a","Joe","Fortson","-",,"WR","Kansas City Chiefs",,
"a4ea1797-384b-4430-8449-57902629d78d","Trey","Edmunds","-",,"RB","Pittsburgh Steelers",,
"0222ef58-2cb9-445b-848d-657b60a25764","Jake","Bargas","-",,"RB","Minnesota Vikings",,
"5e952b6a-2014-4fbf-89bb-c7792db604b5","Gary","Jennings","-",,"WR","Indianapolis Colts",,
"74d860ec-cc5f-4c99-8c1a-52685ff8d60b","Jake","Lampman","-",,"WR","New Orleans Saints",,
"3e34c23c-6ef7-4884-a7e0-686bc3de9c8c","Ben","Braunecker","-",,"TE",,,
"348c5170-e4cb-42b3-ac76-2a772a24c607","Reid","Sinnett","-",,"QB","Miami Dolphins",,
"6ec26fed-8a0a-4e60-9208-825f93086117","Dylan","Cantrell","-",,"TE","Washington Football Team",,
"d497dd3b-3dfc-470f-a7fa-ad021bb5fa5c","Kendall","Blanton","-",,"TE","Los Angeles Rams",,
"eaf1b276-0705-43be-9f47-12cb4a1bf2ad","Tyrone","Swoopes","-",,"TE","Washington Football Team",,
"02ea0738-da4a-4ef1-aaa7-393c5cf68aba","Christian","Wade","-",,"RB","Buffalo Bills",,
"90155ac1-5f0f-4c6a-a45b-a003c185d990","Rysen","John","-",,"TE","NY Giants",,
"d844e897-3e01-41fe-b91b-d9260a151608","Tyler","Gaffney","-",,"RB",,,
"ee43807e-9283-4b30-a148-57e1b7fa9ae6","Derrick","Dillon","-",,"WR","NY Giants",,
"b41a4fa1-b2ec-4883-96f7-74602de212be","David","Wells","-",,"TE",,,
"c9cc8184-15d7-4cc5-9ba6-ef2da4c35505","Matt","Sokol","-",,"TE","Los Angeles Chargers",,
"d09bb39a-a808-4e73-aa4d-0ca60973f1db","Aaron","Fuller","-",,"WR","Seattle Seahawks",,
"347d881f-cbac-425d-b366-72f3aeb2a958","Charlie","Taumoepeau","-",,"TE",,,
"3d2a7d6c-359a-440b-b67a-17b0d34a0ff8","Rodney","Adams","-",,"WR","Chicago Bears",,
"4c2fdeab-d389-49b3-a98b-da515bdd3838","Taquan","Mizzell","-",,"RB","NY Giants",,
"241c3bc1-b8a0-4898-8a73-fad9d0560fdc","Tyler","Mabry","-",,"TE","Seattle Seahawks",,
"c73f584d-4ecf-476a-807a-0def50d12da2","Duke","Williams","-",,"WR","Buffalo Bills",,
"22f072b6-2f18-4fb5-9925-f1ceb0900dd5","Darion","Clark","-",,"TE","Chicago Bears",,
"837056a8-67c5-4a42-a9e9-e1450f8f8a75","Josh","Pearson","-",,"WR","Tampa Bay Buccaneers",,
"cc2824f5-2f66-4182-961d-f9d1195c6ec0","Steven","Montez","-",,"QB","Washington Football Team",,
"84e2df3d-9b25-42e7-a550-f20f98e8b507","Evan","Baylis","-",,"TE","Kansas City Chiefs",,
"5097f120-7339-470f-ba0c-ff697462ac27","Terrelle","Pryor","-",,"WR",,,
"c0ca5888-a9dd-4ff3-86c3-30fdecedacaa","Rashard","Davis","-",,"WR","Tennessee Titans",,
"935a71be-43d3-4503-9a8f-37db99640849","Corey","Coleman","-",,"WR",,,
"e066692f-2ab5-4e9d-9f19-73a27074f027","Josh","Hammond","-",,"WR","Jacksonville Jaguars",,
"c77b97b8-cfa5-4245-9ac9-3513f71b51bb","Sean","McKeon","-",,"TE","Dallas Cowboys",,
"0921c3ae-6e70-4aaf-b955-3234efe39063","Andre","Patton","-",,"WR",,,
"daab2a04-f23f-4857-b22a-35356cc5b77c","Trey","Quinn","-",,"WR","Las Vegas Raiders",,
"8b270153-57d2-4eab-b5bf-d534c5a1a926","Danny","Etling","-",,"QB","Seattle Seahawks",,
"1f145fdb-bb09-4419-bca1-05d37befd4ad","Isaiah","Ford","-",,"WR",,,
"4207818f-edbb-4488-a8d9-81aa652a2793","Johnny","Stanton","-",,"RB","Cleveland Browns",,